Top pages,Last 28 days Clicks,Previous 28 days Clicks,Last 28 days Impressions,Previous 28 days Impressions,Last 28 days CTR,Previous 28 days CTR,Last 28 days Position,Previous 28 days Position
https://www.lanacanada.com/,14,16,302,175,4.64%,9.14%,7.86,5.77
https://www.lanacanada.com/he/blog/blog-renting-in-canada.html,8,3,190,96,4.21%,3.12%,6.65,7.71
https://www.lanacanada.com/fr/faq.html,7,0,405,30,1.73%,0%,4.57,9.7
https://lanacanada.com/fr/blog/blog-easiest-provinces-immigrate.html,7,0,84,0,8.33%,0%,6.82,0
https://www.lanacanada.com/fr/blog/blog-easiest-provinces-immigrate.html,5,2,219,42,2.28%,4.76%,4.49,4.14
https://www.lanacanada.com/he/,5,3,31,14,16.13%,21.43%,4.55,10.14
https://www.lanacanada.com/ru/temporary-closed-work-permit.html,4,0,31,3,12.9%,0%,6.35,31
https://www.lanacanada.com/blog/blog-renting-in-canada.html,3,1,297,124,1.01%,0.81%,8.07,7.6
http://www.lanacanada.com/,3,3,250,192,1.2%,1.56%,6.45,7.66
https://www.lanacanada.com/ru/blog/blog-ukraine-status-extension-2027.html,3,1,63,4,4.76%,25%,5.86,4.25
https://www.lanacanada.com/ru/,3,0,18,6,16.67%,0%,3.39,6
https://www.lanacanada.com/blog/blog-increase-crs-score.html,2,1,948,66,0.21%,1.52%,12.08,15.7
https://www.lanacanada.com/blog/blog-fastest-immigration-programs.html,2,0,314,18,0.64%,0%,5.61,12.61
https://www.lanacanada.com/blog/blog-minimum-crs-score-2026.html,2,0,277,101,0.72%,0%,8.32,12.89
https://www.lanacanada.com/our-team.html,2,1,130,52,1.54%,1.92%,8.81,5.1
https://www.lanacanada.com/fr/why-work-with-consultant.html,2,0,127,6,1.57%,0%,8.2,20
https://www.lanacanada.com/ru/blog/blog-express-entry-2026.html,2,5,108,123,1.85%,4.07%,6.79,6.72
https://www.lanacanada.com/fr/blog/blog-studying-in-canada-2026.html,2,0,94,10,2.13%,0%,10.61,7.6
https://www.lanacanada.com/he/about-canada/about-canada-climate.html,2,2,44,52,4.55%,3.85%,7.23,7.81
https://www.lanacanada.com/he/blog/blog-citizenship-by-descent-2025.html,2,0,38,0,5.26%,0%,10.29,0
https://www.lanacanada.com/he/about-canada/about-canada-wildlife-nature.html,2,0,30,3,6.67%,0%,5.6,6.67
https://www.lanacanada.com/he/blog/blog-tr-to-pr-pathway-2026.html,2,0,28,0,7.14%,0%,6.43,0
https://www.lanacanada.com/fr/our-team.html,2,0,23,0,8.7%,0%,7.26,0
https://www.lanacanada.com/ru/blog/blog-fastest-immigration-programs.html,2,1,16,29,12.5%,3.45%,8.38,6.66
https://www.lanacanada.com/blog/blog-foreign-credential-recognition.html,1,0,805,39,0.12%,0%,11.06,12.54
https://www.lanacanada.com/faq.html,1,0,446,34,0.22%,0%,8.55,16.59
https://lanacanada.com/he/about-canada/about-canada-languages.html,1,0,272,2,0.37%,0%,3.84,5.5
https://www.lanacanada.com/he/about-canada/about-canada-languages.html,1,0,253,5,0.4%,0%,3.79,6
https://www.lanacanada.com/crs-score-canada.html,1,0,235,96,0.43%,0%,12.75,14.39
https://www.lanacanada.com/provincial-with-job-offer,1,0,200,576,0.5%,0%,10.64,11.47
https://www.lanacanada.com/pathway-pnp.html,1,0,192,6,0.52%,0%,10,20.17
https://www.lanacanada.com/blog/blog-easiest-provinces-immigrate.html,1,0,111,0,0.9%,0%,7.89,0
https://www.lanacanada.com/contact.html,1,0,101,70,0.99%,0%,28.25,15.9
https://lanacanada.com/crs-score-canada.html,1,0,88,24,1.14%,0%,9.18,15.5
https://www.lanacanada.com/fr/about-canada/about-canada-languages.html,1,0,82,7,1.22%,0%,11.46,10.57
https://www.lanacanada.com/ru/about-canada/about-canada-wildlife-nature.html,1,0,76,21,1.32%,0%,7.58,20.76
https://www.lanacanada.com/immigration-consultant-richmond-hill.html,1,0,76,0,1.32%,0%,24.3,0
https://www.lanacanada.com/fr/blog/blog-ircc-coop-work-permit-2026.html,1,1,70,84,1.43%,1.19%,8.46,9.07
https://www.lanacanada.com/ru/crs-score-canada.html,1,1,66,3,1.52%,33.33%,6.42,2
https://www.lanacanada.com/ru/about-canada/about-canada-foreign-relations.html,1,0,65,0,1.54%,0%,7.34,0
https://www.lanacanada.com/fr/about-canada/about-canada-geography.html,1,0,65,34,1.54%,0%,14.78,26.26
https://www.lanacanada.com/he/about-canada/about-canada-tourism-landmarks.html,1,0,62,11,1.61%,0%,32.97,57
https://www.lanacanada.com/ru/pathway-express-entry.html,1,0,61,9,1.64%,0%,11.75,9.22
https://www.lanacanada.com/he/blog/blog-french-speaking-immigrants,1,0,48,0,2.08%,0%,6.75,0
https://lanacanada.com/ru/crs-score-canada.html,1,0,48,2,2.08%,0%,7.19,8
https://www.lanacanada.com/he/about-canada/about-canada-sports.html,1,0,47,0,2.13%,0%,5.66,0
https://www.lanacanada.com/ru/blog/blog-move-to-canada-without-job-offer.html,1,1,46,4,2.17%,25%,8.46,6.5
https://www.lanacanada.com/fr/,1,0,42,3,2.38%,0%,5.5,6.67
https://www.lanacanada.com/blog/blog-ukraine-status-extension-2027.html,1,0,39,0,2.56%,0%,10.74,0
https://www.lanacanada.com/fr/how-immigration-works.html,1,0,38,1,2.63%,0%,3.11,56
https://www.lanacanada.com/fr/citizenship.html,1,0,36,33,2.78%,0%,15.97,26.67
https://lanacanada.com/he/about-canada/about-canada-fun-facts.html,1,0,31,2,3.23%,0%,6.94,17.5
https://lanacanada.com/he/about-canada/about-canada-sports.html,1,0,28,1,3.57%,0%,4.93,78
https://www.lanacanada.com/fr/coming-to-canada-temporarily.html,1,0,25,0,4%,0%,4.72,0
https://www.lanacanada.com/blog/blog-ontario-new-rules-newcomers.html,1,0,25,0,4%,0%,6.92,0
https://www.lanacanada.com/ru/blog/blog-immigration-fraud-protection.html,1,0,24,6,4.17%,0%,6.67,25.17
https://www.lanacanada.com/fr/temporary-closed-work-permit.html,1,0,21,12,4.76%,0%,11.43,21.58
https://www.lanacanada.com/ru/blog/blog-studying-in-canada-2026.html,1,0,20,2,5%,0%,6.2,7.5
https://www.lanacanada.com/ru/about-canada/about-canada-culture-arts.html,1,0,17,12,5.88%,0%,6.35,28.17
https://www.lanacanada.com/fr/blog/blog-tr-to-pr-pathway-2026.html,1,0,16,11,6.25%,0%,7,7.09
https://www.lanacanada.com/he/our-team.html,1,0,14,1,7.14%,0%,8.29,45
https://www.lanacanada.com/he/about-canada/about-canada-education.html,1,0,13,0,7.69%,0%,6.15,0
https://lanacanada.com/he/citizenship-certificate.html,1,2,13,19,7.69%,10.53%,7.69,7.84
https://www.lanacanada.com/he/blog/blog-skilled-worker-shortage.html,1,0,11,0,9.09%,0%,5.18,0
https://www.lanacanada.com/he/crs-score-canada.html,1,0,9,1,11.11%,0%,6,3
https://www.lanacanada.com/he/contact.html,1,0,8,10,12.5%,0%,3.38,17.8
https://www.lanacanada.com/ru/immigration-consultant-richmond-hill.html,1,0,7,0,14.29%,0%,4.43,0
https://www.lanacanada.com/fr/blog/blog-study-permit-officer-assessment.html,1,0,4,1,25%,0%,8.5,11
https://www.lanacanada.com/fr/blog/blog-pr-fast-track-rural-2026.html,1,0,2,1,50%,0%,2.5,6
https://lanacanada.com/he/blog/blog-faster-pr-already-in-canada.html,1,0,2,1,50%,0%,4,4
https://lanacanada.com/ru/payment.html,1,0,2,1,50%,0%,6,18
https://www.lanacanada.com/ru/about-canada/about-canada-government.html,0,0,513,0,0%,0%,7.97,0
https://www.lanacanada.com/ru/about-canada/about-canada-sports.html,0,0,470,80,0%,0%,6.36,8.34
https://www.lanacanada.com/ru/about-canada/about-canada-languages.html,0,0,427,26,0%,0%,7.28,7.73
https://www.lanacanada.com/blog/blog-express-entry-draw-history.html,0,0,329,150,0%,0%,20.28,30.07
https://www.lanacanada.com/ru/about-canada/about-canada-geography.html,0,0,292,6,0%,0%,9.86,8.17
https://lanacanada.com/he/about-canada/about-canada-history.html,0,0,288,1,0%,0%,15.44,83
https://www.lanacanada.com/ru/faq.html,0,0,278,10,0%,0%,7.28,9.4
https://www.lanacanada.com/ru/about-canada/about-canada-history.html,0,0,218,3,0%,0%,8.09,10
https://www.lanacanada.com/citizenship-grant.html,0,0,192,0,0%,0%,9.31,0
https://www.lanacanada.com/fr/crs-score-canada.html,0,0,157,2,0%,0%,6.99,10
https://www.lanacanada.com/ru/about-canada/about-canada-demographics.html,0,0,148,1,0%,0%,9.32,12
https://www.lanacanada.com/why-work-with-consultant.html,0,0,147,24,0%,0%,15.22,5.42
https://www.lanacanada.com/spousal-or-common-law-sponsorship,0,0,119,68,0%,0%,51.44,46.1
https://www.lanacanada.com/about-canada/about-canada-languages.html,0,0,117,101,0%,0%,38.02,40.63
https://www.lanacanada.com/blog/blog-tr-to-pr-pathway-2026.html,0,1,116,4,0%,25%,46.09,16
https://www.lanacanada.com/about-canada/about-canada-climate.html,0,0,114,0,0%,0%,17.05,0
https://www.lanacanada.com/about-canada/about-canada-sports.html,0,0,110,0,0%,0%,22.34,0
https://lanacanada.com/ru/about-canada/about-canada-history.html,0,0,94,1,0%,0%,8.83,79
https://www.lanacanada.com/about-canada/about-canada-tourism-landmarks.html,0,0,94,25,0%,0%,9.52,8.4
https://www.lanacanada.com/fr/temporary-open-work-permit.html,0,0,94,7,0%,0%,26.29,26.43
https://lanacanada.com/fr/crs-score-canada.html,0,0,89,4,0%,0%,6.97,5.75
https://www.lanacanada.com/fr/blog/blog-express-entry-2026.html,0,0,73,73,0%,0%,9.1,9.26
https://www.lanacanada.com/ru/about-canada/about-canada-government,0,1,69,296,0%,0.34%,8.17,8.17
https://www.lanacanada.com/fr/citizenship-certificate.html,0,0,64,1,0%,0%,9.89,8
https://www.lanacanada.com/he/about-canada/about-canada-fun-facts.html,0,0,63,1,0%,0%,6.78,11
https://www.lanacanada.com/blog/blog-studying-in-canada-2026.html,0,0,59,27,0%,0%,14.1,12.56
https://www.lanacanada.com/fr/pathway-express-entry.html,0,0,58,1,0%,0%,10.84,1
https://lanacanada.com/faq.html,0,0,58,29,0%,0%,14.45,27.14
https://www.lanacanada.com/ru/citizenship-grant.html,0,0,56,4,0%,0%,7.29,7.5
https://lanacanada.com/he/about-canada/about-canada-demographics.html,0,0,53,0,0%,0%,7.74,0
https://www.lanacanada.com/he/citizenship-certificate.html,0,0,52,22,0%,0%,10.06,10.86
https://www.lanacanada.com/work-permit-based-on-posiive-lmia,0,0,52,31,0%,0%,13.31,33.71
https://www.lanacanada.com/he/blog/blog-easiest-provinces-immigrate.html,0,0,52,7,0%,0%,18.29,23
https://www.lanacanada.com/ru/about-canada/about-canada-economy.html,0,0,50,42,0%,0%,5.38,8.29
https://www.lanacanada.com/ru/about-canada/about-canada-indigenous-peoples.html,0,1,47,84,0%,1.19%,6.85,6.99
https://www.lanacanada.com/he/about-canada/about-canada-indigenous-peoples.html,0,0,43,33,0%,0%,5.58,13.55
https://www.lanacanada.com/he/faq.html,0,0,43,0,0%,0%,8.33,0
https://lanacanada.com/blog/blog-express-entry-draw-history.html,0,0,43,3,0%,0%,11.95,22
https://www.lanacanada.com/about-canada,0,0,41,67,0%,0%,9.41,6.96
https://www.lanacanada.com/ru/blog/blog-citizenship-by-descent-2025.html,0,0,40,0,0%,0%,5.85,0
https://lanacanada.com/citizenship-grant.html,0,0,38,2,0%,0%,8.89,12.5
https://www.lanacanada.com/fr/blog/blog-spousal-work-permit-study.html,0,0,38,10,0%,0%,9.45,13.5
https://lanacanada.com/fr/citizenship-certificate.html,0,0,37,0,0%,0%,10.38,0
https://www.lanacanada.com/he/about-canada/about-canada-government.html,0,2,36,28,0%,7.14%,9.28,13.18
https://www.lanacanada.com/pathway-pilot-programs.html,0,0,36,2,0%,0%,24.81,3
https://www.lanacanada.com/he/blog/blog-move-to-canada-without-job-offer.html,0,0,35,0,0%,0%,16.63,0
https://www.lanacanada.com/fr/blog/blog-express-entry-draw-history.html,0,0,34,49,0%,0%,8.26,13.71
https://www.lanacanada.com/ru/temporary-open-work-permit.html,0,0,33,4,0%,0%,7.06,22
https://www.lanacanada.com/ru/about-canada/about-canada-climate.html,0,0,33,109,0%,0%,8.42,8.15
https://www.lanacanada.com/fr/blog/blog-pr-fees-increase-2026.html,0,0,33,99,0%,0%,9.76,9.77
https://lanacanada.com/about-canada/about-canada-tourism-landmarks.html,0,0,32,9,0%,0%,7.69,14.44
https://lanacanada.com/fr/temporary-open-work-permit.html,0,0,32,0,0%,0%,11.5,0
https://www.lanacanada.com/he/citizenship-grant.html,0,0,32,0,0%,0%,24.75,0
https://www.lanacanada.com/blog/blog-move-to-canada-without-job-offer.html,0,0,32,0,0%,0%,33.06,0
https://www.lanacanada.com/coming-to-canada-temporarily.html,0,0,31,16,0%,0%,3.61,4.69
https://www.lanacanada.com/ru/blog/blog-easiest-provinces-immigrate.html,0,0,30,5,0%,0%,5.17,28.2
https://www.lanacanada.com/ru/blog/blog-french-speaking-immigrants.html,0,0,30,2,0%,0%,7.37,6
https://lanacanada.com/fr/blog/blog-express-entry-draw-history.html,0,0,30,3,0%,0%,9.1,6.33
https://www.lanacanada.com/privacy-disclaimer.html,0,0,30,5,0%,0%,9.93,4.6
https://www.lanacanada.com/ru/about-canada/about-canada-fun-facts.html,0,0,29,7,0%,0%,7.59,42.71
https://www.lanacanada.com/ru/citizenship.html,0,1,29,15,0%,6.67%,8.45,16.87
https://www.lanacanada.com/citizenship.html,0,0,27,17,0%,0%,4.15,3.59
https://lanacanada.com/fr/about-canada/about-canada-geography.html,0,0,27,0,0%,0%,9.22,0
https://www.lanacanada.com/fr/about-canada/about-canada-sports.html,0,0,26,14,0%,0%,21.85,20.43
https://www.lanacanada.com/ru/blog/blog-minimum-crs-score-2026.html,0,2,25,113,0%,1.77%,6.44,7.35
https://lanacanada.com/blog/blog-foreign-credential-recognition.html,0,0,25,217,0%,0%,12.64,9.18
https://www.lanacanada.com/blog/blog.html,0,0,24,15,0%,0%,6.12,3.67
https://www.lanacanada.com/fr/blog/blog-minimum-crs-score-2026.html,0,0,24,29,0%,0%,8.5,7.07
https://www.lanacanada.com/how-immigration-works.html,0,0,23,18,0%,0%,4.74,5.89
https://www.lanacanada.com/ru/blog/blog-increase-crs-score.html,0,0,23,1,0%,0%,8.09,9
https://www.lanacanada.com/fr/blog/blog-renting-in-canada.html,0,0,21,16,0%,0%,8.86,9.38
https://lanacanada.com/blog/blog-immigration-reset-2026.html,0,0,21,0,0%,0%,10.9,0
https://www.lanacanada.com/he/temporary-open-work-permit.html,0,0,21,0,0%,0%,27.67,0
https://lanacanada.com/ru/faq.html,0,0,20,6,0%,0%,7.6,8
https://www.lanacanada.com/testimonials.html,0,0,19,12,0%,0%,6.32,4.25
https://www.lanacanada.com/he/pathway-pnp.html,0,0,19,0,0%,0%,7.58,0
https://www.lanacanada.com/fr/about-canada/about-canada.html,0,0,19,0,0%,0%,7.84,0
https://www.lanacanada.com/ru/pathway-pnp.html,0,0,19,8,0%,0%,17.05,12.38
https://www.lanacanada.com/fr/citizenship-grant.html,0,0,19,0,0%,0%,22.95,0
https://lanacanada.com/pathway-express-entry.html,0,0,19,0,0%,0%,27.53,0
https://lanacanada.com/ru/blog/blog-move-to-canada-without-job-offer.html,0,0,18,0,0%,0%,7,0
https://lanacanada.com/ru/blog/blog-easiest-provinces-immigrate.html,0,0,18,0,0%,0%,7.78,0
https://lanacanada.com/he/faq.html,0,0,18,0,0%,0%,7.94,0
https://www.lanacanada.com/ru/coming-to-canada-temporarily.html,0,0,18,0,0%,0%,8.33,0
https://www.lanacanada.com/about-canada/about-canada.html,0,0,18,0,0%,0%,18.94,0
https://www.lanacanada.com/he/citizenship.html,0,0,18,29,0%,0%,28.33,14.34
https://www.lanacanada.com/ru/blog/blog-tr-to-pr-pathway-2026.html,0,0,17,8,0%,0%,6.71,22.12
https://lanacanada.com/fr/faq.html,0,0,17,3,0%,0%,8.71,9.67
https://www.lanacanada.com/payment.html,0,0,17,3,0%,0%,13.94,5
https://www.lanacanada.com/blog/blog-pr-fast-track-rural-2026.html,0,0,16,0,0%,0%,5.81,0
https://www.lanacanada.com/he/about-canada/about-canada-transportation.html,0,1,16,35,0%,2.86%,6.88,16.69
https://lanacanada.com/assessment.html,0,0,16,25,0%,0%,8.12,6.76
https://www.lanacanada.com/blog/blog-pr-fees-increase-2026.html,0,0,16,0,0%,0%,11.44,0
https://www.lanacanada.com/ru/blog/blog-spousal-work-permit-study.html,0,1,15,18,0%,5.56%,4.67,5.72
https://www.lanacanada.com/ru/blog/blog-express-entry-draw-history.html,0,1,15,7,0%,14.29%,6.53,20.57
https://lanacanada.com/temporary-closed-work-permit.html,0,0,15,4,0%,0%,7,22.5
https://lanacanada.com/he/about-canada/about-canada-education.html,0,0,14,2,0%,0%,5.29,45
https://www.lanacanada.com/he/about-canada/about-canada-economy.html,0,0,14,0,0%,0%,6.36,0
https://www.lanacanada.com/blog/blog-faster-pr-already-in-canada.html,0,0,14,0,0%,0%,7.5,0
https://www.lanacanada.com/fr/blog/blog-move-to-canada-without-job-offer.html,0,0,14,2,0%,0%,8.14,4
https://www.lanacanada.com/pathway-express-entry.html,0,0,14,4,0%,0%,28.07,9.5
https://lanacanada.com/why-work-with-consultant.html,0,0,14,11,0%,0%,30.71,32.27
https://www.lanacanada.com/he/about-canada/about-canada-culture-arts.html,0,0,13,1,0%,0%,7.38,1
https://www.lanacanada.com/he/blog/blog-ontario-new-rules-newcomers.html,0,0,13,15,0%,0%,9.46,19.4
https://www.lanacanada.com/blog/blog-express-entry-reform-2027.html,0,0,13,0,0%,0%,11.54,0
https://lanacanada.com/fr/citizenship-grant.html,0,0,13,0,0%,0%,11.85,0
https://lanacanada.com/ru/about-canada/about-canada-geography.html,0,0,12,0,0%,0%,8.42,0
https://www.lanacanada.com/ru/about-canada/about-canada-food-cuisine.html,0,0,12,0,0%,0%,8.58,0
https://www.lanacanada.com/ru/our-team.html,0,0,12,0,0%,0%,9.25,0
https://www.lanacanada.com/ru/blog/blog-pr-fees-increase-2026.html,0,1,12,9,0%,11.11%,9.33,2.78
https://lanacanada.com/pathway-pilot-programs.html,0,0,12,0,0%,0%,13,0
https://lanacanada.com/blog/blog-french-speaking-immigrants.html,0,0,12,3,0%,0%,17.75,23
https://www.lanacanada.com/he/temporary-closed-work-permit.html,0,0,12,0,0%,0%,50.17,0
https://www.lanacanada.com/ru/blog/blog-foreign-credential-recognition.html,0,0,11,19,0%,0%,3.45,5.84
https://www.lanacanada.com/he/blog/blog-express-entry-2026.html,0,1,11,30,0%,3.33%,5.18,5.3
https://www.lanacanada.com/he/pathway-express-entry.html,0,0,11,2,0%,0%,6.91,31
https://www.lanacanada.com/about-canada/about-canada-education.html,0,0,11,2,0%,0%,8.45,71
https://lanacanada.com/blog/blog-studying-in-canada-2026.html,0,0,11,1,0%,0%,9.73,42
https://www.lanacanada.com/ru/about-canada/about-canada-tourism-landmarks.html,0,0,11,0,0%,0%,10.27,0
https://www.lanacanada.com/about-canada/about-canada-food-cuisine.html,0,0,11,11,0%,0%,15.45,16.55
https://www.lanacanada.com/blog/blog-skilled-worker-shortage.html,0,0,11,1,0%,0%,16,11
https://www.lanacanada.com/fr/contact.html,0,0,11,12,0%,0%,16.36,11.42
https://www.lanacanada.com/fr/about-canada/about-canada-tourism-landmarks.html,0,0,11,4,0%,0%,21.09,74.25
https://lanacanada.com/ru/coming-to-canada-temporarily.html,0,0,10,0,0%,0%,6.7,0
https://www.lanacanada.com/ru/about-canada/about-canada-transportation.html,0,0,10,18,0%,0%,7.3,9.39
https://lanacanada.com/fr/blog/blog-skilled-worker-shortage.html,0,0,10,0,0%,0%,7.9,0
https://lanacanada.com/he/crs-score-canada.html,0,0,10,0,0%,0%,8.4,0
https://www.lanacanada.com/blog/blog-spousal-work-permit-study.html,0,0,10,26,0%,0%,11.6,6.42
https://www.lanacanada.com/about-canada/about-canada-history.html,0,0,10,2,0%,0%,50.3,33
https://lanacanada.com/he/about-canada/about-canada-culture-arts.html,0,0,9,4,0%,0%,4.33,29.5
https://lanacanada.com/he/testimonials.html,0,0,9,1,0%,0%,5.89,13
https://www.lanacanada.com/fr/about-canada/about-canada-foreign-relations.html,0,0,9,0,0%,0%,6.78,0
https://www.lanacanada.com/fr/testimonials.html,0,0,9,0,0%,0%,7.78,0
https://www.lanacanada.com/about-canada/about-canada-wildlife-nature.html,0,0,9,14,0%,0%,10.56,28.36
https://www.lanacanada.com/fr/pathway-pilot-programs.html,0,0,9,4,0%,0%,17.11,23.25
https://www.lanacanada.com/he/blog/blog-spousal-work-permit-study.html,0,0,8,1,0%,0%,4.88,28
https://www.lanacanada.com/fr/blog/blog-fastest-immigration-programs.html,0,0,8,23,0%,0%,5.12,10.7
https://www.lanacanada.com/blog/blog-ircc-coop-work-permit-2026.html,0,0,8,37,0%,0%,8.38,10.46
https://lanacanada.com/fr/about-canada/about-canada-demographics.html,0,0,8,0,0%,0%,9.12,0
https://www.lanacanada.com/fr/about-canada/about-canada-climate.html,0,0,8,40,0%,0%,9.12,34.55
https://lanacanada.com/about-canada/about-canada-fun-facts.html,0,0,8,0,0%,0%,16.62,0
https://lanacanada.com/he/temporary-open-work-permit.html,0,0,8,2,0%,0%,23.5,30.5
https://lanacanada.com/ru/temporary-closed-work-permit.html,0,0,7,0,0%,0%,5.14,0
https://www.lanacanada.com/fr/blog/blog.html,0,0,7,32,0%,0%,6.57,8.78
https://lanacanada.com/fr/blog/blog-ukraine-status-extension-2027.html,0,0,7,4,0%,0%,6.71,27.5
https://www.lanacanada.com/he/blog/blog-foreign-credential-recognition.html,0,0,7,16,0%,0%,6.86,29.69
https://www.lanacanada.com/ru/citizenship-certificate.html,0,0,7,1,0%,0%,8.14,47
https://www.lanacanada.com/he/blog/blog-fastest-immigration-programs.html,0,0,7,13,0%,0%,8.71,13.77
https://lanacanada.com/he/about-canada/about-canada-economy.html,0,0,7,1,0%,0%,9.14,81
https://lanacanada.com/blog/blog-immigration-fraud-protection.html,0,0,7,0,0%,0%,9.86,0
https://lanacanada.com/about-canada/about-canada-languages.html,0,0,7,0,0%,0%,11,0
https://www.lanacanada.com/ru/payment.html,0,0,6,0,0%,0%,4.33,0
https://lanacanada.com/he/blog/blog-immigration-reset-2026.html,0,0,6,0,0%,0%,5.17,0
https://www.lanacanada.com/fr/blog/blog-increase-crs-score.html,0,0,6,1,0%,0%,5.33,99
https://www.lanacanada.com/ru/pathway-pilot-programs.html,0,0,6,0,0%,0%,6.17,0
https://lanacanada.com/fr/pathway-pilot-programs.html,0,0,6,0,0%,0%,6.5,0
https://www.lanacanada.com/fr/privacy-disclaimer.html,0,0,6,0,0%,0%,6.67,0
https://www.lanacanada.com/ru/why-work-with-consultant.html,0,0,6,3,0%,0%,7.17,6.67
https://www.lanacanada.com/ru/testimonials.html,0,0,6,0,0%,0%,7.33,0
https://lanacanada.com/fr/about-canada/about-canada-sports.html,0,0,6,0,0%,0%,7.67,0
https://www.lanacanada.com/fr/blog/blog-immigration-reset-2026.html,0,0,6,0,0%,0%,8,0
https://lanacanada.com/blog/blog-ukraine-status-extension-2027.html,0,0,6,0,0%,0%,8.33,0
https://lanacanada.com/fr/blog/blog-spousal-work-permit-study.html,0,0,6,15,0%,0%,11.67,9.47
https://lanacanada.com/ru/testimonials.html,0,0,6,0,0%,0%,14.83,0
https://www.lanacanada.com/about-canada/about-canada-government.html,0,0,6,2,0%,0%,41,54.5
https://www.lanacanada.com/fr/assessment.html,0,0,5,3,0%,0%,2.6,15.67
https://www.lanacanada.com/he/blog/blog-minimum-crs-score-2026.html,0,0,5,15,0%,0%,5,20.2
https://www.lanacanada.com/ru/blog/blog.html,0,0,5,15,0%,0%,6,9.87
https://www.lanacanada.com/blog/blog-study-permit-officer-assessment.html,0,0,5,8,0%,0%,6.2,5.25
https://lanacanada.com/ru/blog/blog-increase-crs-score.html,0,0,5,0,0%,0%,8,0
https://lanacanada.com/blog/blog-easiest-provinces-immigrate.html,0,0,5,0,0%,0%,8.2,0
https://www.lanacanada.com/fr/pathway-pnp.html,0,0,5,2,0%,0%,9,27
https://www.lanacanada.com/he/pathway-pilot-programs.html,0,0,5,0,0%,0%,9.4,0
https://lanacanada.com/about-canada/about-canada-food-cuisine.html,0,0,5,3,0%,0%,10,41.67
https://www.lanacanada.com/about-canada/about-canada-foreign-relations.html,0,0,5,0,0%,0%,10,0
https://www.lanacanada.com/ru/how-immigration-works.html,0,0,5,0,0%,0%,10,0
https://lanacanada.com/ru/temporary-open-work-permit.html,0,0,5,0,0%,0%,10.2,0
https://lanacanada.com/he/pathway-pilot-programs.html,0,0,5,0,0%,0%,10.4,0
https://lanacanada.com/ru/about-canada/about-canada-demographics.html,0,0,5,0,0%,0%,10.4,0
https://www.lanacanada.com/fr/about-canada/about-canada-culture-arts.html,0,0,5,2,0%,0%,11.6,129.5
https://lanacanada.com/fr/about-canada/about-canada-government.html,0,0,5,0,0%,0%,12.2,0
https://www.lanacanada.com/he/blog/blog-faster-pr-already-in-canada.html,0,0,5,0,0%,0%,14.2,0
https://lanacanada.com/ru/blog/blog-immigration-fraud-protection.html,0,0,5,1,0%,0%,15.2,11
https://www.lanacanada.com/he/privacy-disclaimer.html,0,0,5,4,0%,0%,15.6,26.75
https://www.lanacanada.com/blog/blog-immigration-fraud-protection.html,0,0,5,1,0%,0%,20,10
https://lanacanada.com/temporary-open-work-permit.html,0,0,5,0,0%,0%,24,0
https://www.lanacanada.com/he/blog/blog-ircc-coop-work-permit-2026.html,0,1,4,3,0%,33.33%,4.25,4.33
https://www.lanacanada.com/about-canada/about-canada-technology-innovation.html,0,0,4,0,0%,0%,5,0
https://www.lanacanada.com/he/blog/blog-express-entry-draw-history.html,0,0,4,0,0%,0%,5,0
https://www.lanacanada.com/fr/blog/blog-skilled-worker-shortage.html,0,0,4,0,0%,0%,5.25,0
https://lanacanada.com/fr/blog/blog-tr-to-pr-pathway-2026.html,0,0,4,0,0%,0%,6.75,0
https://lanacanada.com/about-canada/about-canada-demographics.html,0,0,4,0,0%,0%,7.25,0
https://lanacanada.com/blog/blog-study-permit-officer-assessment.html,0,0,4,2,0%,0%,7.25,15
https://lanacanada.com/fr/about-canada/about-canada-foreign-relations.html,0,0,4,0,0%,0%,7.25,0
https://lanacanada.com/ru/about-canada/about-canada-sports.html,0,0,4,0,0%,0%,7.25,0
https://lanacanada.com/blog/blog-ontario-new-rules-newcomers.html,0,0,4,8,0%,0%,7.5,6.88
https://www.lanacanada.com/fr/blog/blog-express-entry-2025.html,0,0,4,1,0%,0%,7.5,7
https://www.lanacanada.com/fr/blog/blog-faster-pr-already-in-canada.html,0,0,4,0,0%,0%,7.5,0
https://www.lanacanada.com/about-canada/about-canada-economy.html,0,0,4,0,0%,0%,7.75,0
https://www.lanacanada.com/he/blog/blog-express-entry-2025.html,0,0,4,0,0%,0%,7.75,0
https://www.lanacanada.com/fr/blog/blog-ukraine-status-extension-2027.html,0,0,4,6,0%,0%,8.25,5.17
https://lanacanada.com/fr/about-canada/about-canada-culture-arts.html,0,0,4,0,0%,0%,8.5,0
https://lanacanada.com/fr/about-canada/about-canada-languages.html,0,0,4,0,0%,0%,10.75,0
https://www.lanacanada.com/he/why-work-with-consultant.html,0,0,4,2,0%,0%,15.75,35
https://www.lanacanada.com/fr/about-canada/about-canada-government.html,0,0,4,8,0%,0%,19,53.75
https://www.lanacanada.com/blog/blog-immigration-reset-2026.html,0,0,3,1,0%,0%,4,77
https://www.lanacanada.com/he/blog/blog-express-entry-reform-2027.html,0,0,3,0,0%,0%,5.67,0
https://www.lanacanada.com/testimonials,0,0,3,25,0%,0%,5.67,4.2
https://lanacanada.com/about-canada/about-canada-sports.html,0,0,3,0,0%,0%,6.67,0
https://lanacanada.com/he/about-canada/about-canada-wildlife-nature.html,0,0,3,7,0%,0%,6.67,33.57
https://www.lanacanada.com/ru/contact.html,0,0,3,15,0%,0%,6.67,9.8
https://www.lanacanada.com/temporary-open-work-permit.html,0,0,3,1,0%,0%,8.33,12
https://lanacanada.com/about-canada/about-canada-foreign-relations.html,0,0,3,0,0%,0%,8.67,0
https://www.lanacanada.com/ru/blog/blog-renting-in-canada.html,0,1,3,16,0%,6.25%,9,8.75
https://www.lanacanada.com/fr/blog/blog-immigration-fraud-protection.html,0,1,3,7,0%,14.29%,13.33,39.43
https://www.lanacanada.com/about-canada/about-canada-healthcare.html,0,0,3,0,0%,0%,16,0
https://www.lanacanada.com/fr/about-canada/about-canada-food-cuisine.html,0,1,3,14,0%,7.14%,17.67,25
https://www.lanacanada.com/fr/blog/blog-foreign-credential-recognition.html,0,0,3,15,0%,0%,18.67,8.07
https://lanacanada.com/about-canada/about-canada.html,0,0,3,0,0%,0%,22.67,0
https://lanacanada.com/he/coming-to-canada-temporarily.html,0,0,3,0,0%,0%,26.67,0
https://lanacanada.com/fr/coming-to-canada-temporarily.html,0,0,3,1,0%,0%,33,50
https://lanacanada.com/he/blog/blog-spousal-work-permit-study.html,0,0,2,2,0%,0%,2,5
https://www.lanacanada.com/fr/immigration-consultant-richmond-hill.html,0,0,2,0,0%,0%,3,0
https://lanacanada.com/ru/about-canada/about-canada-culture-arts.html,0,0,2,0,0%,0%,3.5,0
https://lanacanada.com/blog/blog.html,0,0,2,14,0%,0%,4,7.29
https://lanacanada.com/privacy-disclaimer.html,0,0,2,4,0%,0%,5,8
https://lanacanada.com/ru/blog/blog-ircc-coop-work-permit-2026.html,0,0,2,5,0%,0%,5,31.6
https://www.lanacanada.com/he/blog/blog-increase-crs-score.html,0,0,2,5,0%,0%,5,38.6
https://www.lanacanada.com/he/coming-to-canada-temporarily.html,0,0,2,0,0%,0%,5,0
https://lanacanada.com/ru/citizenship-certificate.html,0,0,2,0,0%,0%,6.5,0
https://www.lanacanada.com/fr/blog/blog-french-speaking-immigrants.html,0,0,2,0,0%,0%,6.5,0
https://www.lanacanada.com/ru/about-canada/about-canada-education.html,0,0,2,0,0%,0%,6.5,0
https://lanacanada.com/about-canada/about-canada-wildlife-nature.html,0,0,2,0,0%,0%,7,0
https://lanacanada.com/ru/why-work-with-consultant.html,0,0,2,1,0%,0%,7,48
https://www.lanacanada.com/ru/blog/blog-skilled-worker-shortage.html,0,0,2,2,0%,0%,7,47.5
https://www.lanacanada.com/ru/assessment.html,0,0,2,10,0%,0%,8,12.3
https://www.lanacanada.com/he/about-canada/about-canada.html,0,0,2,0,0%,0%,8.5,0
https://www.lanacanada.com/ru/about-canada/about-canada-healthcare.html,0,0,2,7,0%,0%,8.5,10.14
https://lanacanada.com/he/citizenship-grant.html,0,0,2,0,0%,0%,9,0
https://www.lanacanada.com/he/about-canada/about-canada-healthcare.html,0,1,2,35,0%,2.86%,9,19.06
https://lanacanada.com/fr/about-canada/about-canada-tourism-landmarks.html,0,0,2,0,0%,0%,11,0
https://www.lanacanada.com/ru/privacy-disclaimer.html,0,0,2,0,0%,0%,11,0
https://lanacanada.com/testimonials.html,0,0,2,2,0%,0%,11.5,8.5
https://www.lanacanada.com/he/blog/blog.html,0,0,2,10,0%,0%,12,23.3
https://lanacanada.com/fr/pathway-express-entry.html,0,0,2,0,0%,0%,12.5,0
https://lanacanada.com/ru/pathway-pilot-programs.html,0,0,2,0,0%,0%,12.5,0
https://www.lanacanada.com/fr/about-canada/about-canada-demographics.html,0,0,2,1,0%,0%,14,20
https://www.lanacanada.com/temporary-closed-work-permit.html,0,0,2,2,0%,0%,22,15
https://www.lanacanada.com/about-canada/about-canada-demographics.html,0,0,2,0,0%,0%,24.5,0
https://lanacanada.com/fr/pathway-pnp.html,0,0,1,0,0%,0%,1,0
https://lanacanada.com/he/blog/blog-easiest-provinces-immigrate.html,0,0,1,1,0%,0%,1,1
https://www.lanacanada.com/he/testimonials.html,0,0,1,0,0%,0%,1,0
https://lanacanada.com/he/blog/blog-tr-to-pr-pathway-2026.html,0,0,1,0,0%,0%,2,0
https://www.lanacanada.com/fr/about-canada/about-canada-economy.html,0,0,1,1,0%,0%,3,4
https://www.lanacanada.com/he/blog/blog-pr-fast-track-rural-2026.html,0,0,1,1,0%,0%,3,1
https://lanacanada.com/ru/our-team.html,0,0,1,0,0%,0%,4,0
https://www.lanacanada.com/he/about-canada/about-canada-technology-innovation.html,0,1,1,5,0%,20%,5,29.4
https://lanacanada.com/fr/about-canada/about-canada.html,0,0,1,1,0%,0%,6,52
https://lanacanada.com/fr/privacy-disclaimer.html,0,0,1,1,0%,0%,6,26
https://lanacanada.com/fr/blog/blog-increase-crs-score.html,0,0,1,0,0%,0%,7,0
https://lanacanada.com/he/blog/blog-express-entry-2025.html,0,0,1,0,0%,0%,7,0
https://lanacanada.com/payment.html,0,0,1,6,0%,0%,7,5.67
https://lanacanada.com/ru/about-canada/about-canada-foreign-relations.html,0,0,1,0,0%,0%,7,0
https://www.lanacanada.com/fr/blog/blog-federal-skilled-immigration-model-2026.html,0,0,1,5,0%,0%,7,7.8
https://www.lanacanada.com/he/payment.html,0,0,1,1,0%,0%,7,30
https://www.lanacanada.com/ru/how-immigration-works,0,0,1,0,0%,0%,7,0
https://www.lanacanada.com/ru/blog/blog-express-entry-2025.html,0,0,1,0,0%,0%,8,0
https://lanacanada.com/coming-to-canada-temporarily.html,0,0,1,0,0%,0%,9,0
https://lanacanada.com/ru/about-canada/about-canada-food-cuisine.html,0,0,1,0,0%,0%,9,0
https://www.lanacanada.com/he/blog/blog-federal-skilled-immigration-model-2026.html,0,0,1,3,0%,0%,9,2.67
https://www.lanacanada.com/he/blog/blog-study-permit-officer-assessment.html,0,0,1,3,0%,0%,9,34.67
https://www.lanacanada.com/fr/payment.html,0,0,1,0,0%,0%,10,0
https://lanacanada.com/about-canada/about-canada-transportation.html,0,0,1,5,0%,0%,11,11.2
https://www.lanacanada.com/fr/blog/blog-ontario-new-rules-newcomers.html,0,0,1,3,0%,0%,11,10.67
https://www.lanacanada.com/he/blog/blog-pr-fees-increase-2026.html,0,0,1,9,0%,0%,11,7.33
https://www.lanacanada.com/ru/blog/blog-faster-pr-already-in-canada.html,0,0,1,1,0%,0%,11,1
https://lanacanada.com/blog/blog-increase-crs-score.html,0,0,1,58,0%,0%,12,12.07
https://lanacanada.com/ru/pathway-express-entry.html,0,0,1,0,0%,0%,12,0
https://www.lanacanada.com/fr/about-canada/about-canada-healthcare.html,0,0,1,2,0%,0%,12,10
https://lanacanada.com/blog/blog-move-to-canada-without-job-offer.html,0,0,1,0,0%,0%,13,0
https://www.lanacanada.com/fr/about-canada/about-canada-education.html,0,0,1,0,0%,0%,30,0
https://www.lanacanada.com/blog/blog-french-speaking-immigrants.html,0,0,1,1,0%,0%,33,61
https://lanacanada.com/about-canada/about-canada-technology-innovation.html,0,0,1,10,0%,0%,77,5.7
https://lanacanada.com/index.html,0,4,0,93,0%,4.3%,0,4.98
https://lanacanada.com/he/blog/blog-foreign-credential-recognition.html,0,2,0,11,0%,18.18%,0,9.09
https://lanacanada.com/our-team.html,0,1,0,29,0%,3.45%,0,5.79
https://www.lanacanada.com/fr/index.html,0,1,0,16,0%,6.25%,0,11.12
https://www.lanacanada.com/ru/index.html,0,1,0,7,0%,14.29%,0,4.57
https://lanacanada.com/fr/blog/blog-study-permit-officer-assessment.html,0,1,0,2,0%,50%,0,1
https://lanacanada.com/blog/blog-minimum-crs-score-2026.html,0,0,0,615,0%,0%,0,8.42
https://www.lanacanada.com/blog/blog-minimum-crs-score-2026,0,0,0,100,0%,0%,0,7.38
https://lanacanada.com/blog/blog-renting-in-canada.html,0,0,0,75,0%,0%,0,5.6
https://www.lanacanada.com/blog/blog-renting-in-canada,0,0,0,59,0%,0%,0,5.98
https://lanacanada.com/contact.html,0,0,0,54,0%,0%,0,15.63
https://lanacanada.com/citizenship.html,0,0,0,49,0%,0%,0,9.2
https://lanacanada.com/fr/blog/blog-ircc-coop-work-permit-2026.html,0,0,0,31,0%,0%,0,7.26
https://www.lanacanada.com/immigration-programs,0,0,0,26,0%,0%,0,6.42
https://lanacanada.com/blog/blog-ircc-coop-work-permit-2026.html,0,0,0,21,0%,0%,0,16.43
https://lanacanada.com/blog/blog-fastest-immigration-programs.html,0,0,0,17,0%,0%,0,7.59
https://www.lanacanada.com/other-services,0,0,0,17,0%,0%,0,8.71
https://lanacanada.com/fr/blog/blog-foreign-credential-recognition.html,0,0,0,17,0%,0%,0,9.12
https://www.lanacanada.com/fr/about-canada/about-canada-fun-facts.html,0,0,0,17,0%,0%,0,14.41
https://ru.lanacanada.com/provincial-with-job-offer,0,0,0,16,0%,0%,0,12.12
https://he.lanacanada.com/about-canada,0,0,0,13,0%,0%,0,36.77
https://ru.lanacanada.com/spousal-or-common-law-sponsorship,0,0,0,12,0%,0%,0,15.75
https://lanacanada.com/about-canada/about-canada-climate.html,0,0,0,11,0%,0%,0,6.91
https://www.lanacanada.com/work-permit-exempt-lmia,0,0,0,10,0%,0%,0,10.6
https://lanacanada.com/blog/blog-pr-fees-increase-2026.html,0,0,0,9,0%,0%,0,10.56
https://www.lanacanada.com/blog/blog-express-entry-2026.html,0,0,0,9,0%,0%,0,14.44
https://www.lanacanada.com/about-canada/about-canada-government,0,0,0,9,0%,0%,0,39.22
https://lanacanada.com/ru/blog/blog-pr-fees-increase-2026.html,0,0,0,8,0%,0%,0,6
https://www.lanacanada.com/ru/blog/blog-ircc-coop-work-permit-2026.html,0,0,0,8,0%,0%,0,7.38
https://lanacanada.com/he/,0,0,0,8,0%,0%,0,9.62
https://www.lanacanada.com/ru/blog/blog-study-permit-officer-assessment.html,0,0,0,7,0%,0%,0,4.86
https://lanacanada.com/ru/about-canada/about-canada-technology-innovation.html,0,0,0,7,0%,0%,0,6
https://lanacanada.com/fr/blog/blog-express-entry-2026.html,0,0,0,7,0%,0%,0,8.86
https://ru.lanacanada.com/h-c-and-others,0,0,0,7,0%,0%,0,11.29
https://lanacanada.com/he/blog/blog-pr-fees-increase-2026.html,0,0,0,7,0%,0%,0,23.29
https://www.lanacanada.com/he/how-immigration-works.html,0,0,0,7,0%,0%,0,35.29
https://lanacanada.com/he/blog/blog-ircc-coop-work-permit-2026.html,0,0,0,6,0%,0%,0,4.67
https://es.lanacanada.com/,0,0,0,6,0%,0%,0,8.17
https://www.lanacanada.com/ru/blog/blog-federal-skilled-immigration-model-2026.html,0,0,0,6,0%,0%,0,9.33
https://lanacanada.com/he/about-canada/about-canada-transportation.html,0,0,0,6,0%,0%,0,15.83
https://www.lanacanada.com/post/видео-интервью-с-маркетологом-жанной-горфель-russian,0,0,0,5,0%,0%,0,3.2
https://lanacanada.com/ru/about-canada/about-canada-economy.html,0,0,0,5,0%,0%,0,7.2
https://ru.lanacanada.com/about-canada,0,0,0,5,0%,0%,0,7.2
https://lanacanada.com/fr/contact.html,0,0,0,5,0%,0%,0,7.8
https://he.lanacanada.com/visitors-visa,0,0,0,5,0%,0%,0,41.6
https://ru.lanacanada.com/post/канадские-иммиграционные-меры-в-связи-с-ситуацией-в-украине,0,0,0,5,0%,0%,0,59.2
https://www.lanacanada.com/ru/about-canada/about-canada-technology-innovation.html,0,0,0,4,0%,0%,0,4
https://he.lanacanada.com/work-permit-based-on-posiive-lmia,0,0,0,4,0%,0%,0,5.5
https://www.lanacanada.com/resources,0,0,0,4,0%,0%,0,11
https://lanacanada.com/blog/blog-express-entry-2026.html,0,0,0,3,0%,0%,0,1.67
https://zh.lanacanada.com/,0,0,0,3,0%,0%,0,2.67
https://www.lanacanada.com/ru/blog/blog-ontario-new-rules-newcomers.html,0,0,0,3,0%,0%,0,6
https://www.lanacanada.com/blog/blog-pr-fast-track-rural-2026,0,0,0,3,0%,0%,0,6.67
https://he.lanacanada.com/provincial-with-job-offer,0,0,0,3,0%,0%,0,7
https://www.lanacanada.com/about-canada/about-canada-culture-arts,0,0,0,3,0%,0%,0,7.67
https://lanacanada.com/blog/blog-federal-skilled-immigration-model-2026.html,0,0,0,3,0%,0%,0,9
https://lanacanada.com/fr/about-canada/about-canada-healthcare.html,0,0,0,3,0%,0%,0,11.33
https://lanacanada.com/ru/citizenship.html,0,0,0,3,0%,0%,0,11.33
https://www.lanacanada.com/he/assessment.html,0,0,0,3,0%,0%,0,32.33
https://www.lanacanada.com/he/blog/blog-immigration-fraud-protection.html,0,0,0,3,0%,0%,0,35
https://ru.lanacanada.com/provincial-programs,0,0,0,3,0%,0%,0,49.67
https://www.lanacanada.com/privacy-statement,0,0,0,2,0%,0%,0,5.5
https://lanacanada.com/fr/citizenship.html,0,0,0,2,0%,0%,0,6.5
https://lanacanada.com/fr/blog/blog-fastest-immigration-programs.html,0,0,0,2,0%,0%,0,7
https://he.lanacanada.com/provincial-without-job-offer,0,0,0,2,0%,0%,0,8
https://lanacanada.com/he/blog/blog-ontario-new-rules-newcomers.html,0,0,0,2,0%,0%,0,8
https://www.lanacanada.com/h-c-and-others,0,0,0,2,0%,0%,0,9
https://lanacanada.com/about-canada/about-canada-indigenous-peoples.html,0,0,0,2,0%,0%,0,10
https://www.lanacanada.com/citizenship-certificate.html,0,0,0,2,0%,0%,0,18.5
https://www.lanacanada.com/about-canada/about-canada-culture-arts.html,0,0,0,2,0%,0%,0,19
https://he.lanacanada.com/temporary-students,0,0,0,2,0%,0%,0,31
https://lanacanada.com/he/contact.html,0,0,0,2,0%,0%,0,31
https://lanacanada.com/he/temporary-closed-work-permit.html,0,0,0,2,0%,0%,0,32.5
https://he.lanacanada.com/skilled-immigration,0,0,0,2,0%,0%,0,38
https://lanacanada.com/fr/blog/blog-minimum-crs-score-2026.html,0,0,0,1,0%,0%,0,1
https://lanacanada.com/ru/blog/blog-express-entry-draw-history.html,0,0,0,1,0%,0%,0,2
https://lanacanada.com/ru/blog/blog-spousal-work-permit-study.html,0,0,0,1,0%,0%,0,2
https://www.lanacanada.com/he/index.html,0,0,0,1,0%,0%,0,6
https://lanacanada.com/ru/about-canada/about-canada-transportation.html,0,0,0,1,0%,0%,0,7
https://lanacanada.com/about-canada/about-canada-economy.html,0,0,0,1,0%,0%,0,8
https://www.lanacanada.com/blog,0,0,0,1,0%,0%,0,10
https://www.lanacanada.com/about-canada/about-canada-fun-facts.html,0,0,0,1,0%,0%,0,11
https://lanacanada.com/fr/blog/blog-federal-skilled-immigration-model-2026.html,0,0,0,1,0%,0%,0,12
https://lanacanada.com/fr/testimonials.html,0,0,0,1,0%,0%,0,12
https://he.lanacanada.com/business-programs,0,0,0,1,0%,0%,0,15
https://lanacanada.com/ru/citizenship-grant.html,0,0,0,1,0%,0%,0,29
https://www.lanacanada.com/fr/about-canada/about-canada-transportation.html,0,0,0,1,0%,0%,0,29
https://lanacanada.com/fr/blog/blog-ontario-new-rules-newcomers.html,0,0,0,1,0%,0%,0,30
https://www.lanacanada.com/business-programs,0,0,0,1,0%,0%,0,33
https://lanacanada.com/he/how-immigration-works.html,0,0,0,1,0%,0%,0,47
https://www.lanacanada.com/blog/blog-express-entry-2025.html,0,0,0,1,0%,0%,0,59
https://lanacanada.com/blog/blog-spousal-work-permit-study.html,0,0,0,1,0%,0%,0,67
https://lanacanada.com/he/blog/blog-study-permit-officer-assessment.html,0,0,0,1,0%,0%,0,92