Top queries,Last 28 days Clicks,Previous 28 days Clicks,Last 28 days Impressions,Previous 28 days Impressions,Last 28 days CTR,Previous 28 days CTR,Last 28 days Position,Previous 28 days Position
lana canada,3,1,34,28,8.82%,3.57%,2.38,6
easiest canadian province to immigrate to,1,0,8,0,12.5%,0%,12.62,0
בתים בקנדה,1,0,5,8,20%,0%,11.6,21.75
новости канады для украинцев,1,0,4,0,25%,0%,9.75,0
la province la plus facile pour immigrer au canada,1,0,3,1,33.33%,0%,1,5
crs cutoff express entry,1,0,3,0,33.33%,0%,2.67,0
je suis citoyenne canadienne,1,0,2,0,50%,0%,9.5,0
test de citoyenneté canadienne gratuit 2026,1,0,1,0,100%,0%,1,0
канада правление,0,0,150,70,0%,0%,8.98,7.5
score canada,0,0,101,0,0%,0%,6.08,0
how to increase crs score,0,0,73,6,0%,0%,11.27,12.67
how to increase your crs score,0,0,60,5,0%,0%,10.93,11
how to boost crs score,0,0,56,5,0%,0%,17.77,21.8
what is citizenship grant,0,0,55,0,0%,0%,9.44,0
increase crs score,0,0,54,6,0%,0%,12.5,11.5
ways to increase crs score,0,0,53,7,0%,0%,11.89,11.86
how to increase express entry score,0,0,46,3,0%,0%,20.89,23
improve crs score,0,0,45,5,0%,0%,16.73,20
איזה שפה מדברים בקנדה,0,0,43,0,0%,0%,1.19,0
how to improve your crs score,0,0,41,4,0%,0%,13.71,18.75
באיזה שפה מדברים בקנדה,0,0,40,1,0%,0%,4.2,10
קנדה שפה,0,0,40,2,0%,0%,4.22,6.5
канада кто правит,0,0,35,6,0%,0%,6.51,8.5
сколько лет канаде,0,0,33,2,0%,0%,8.79,12
how to get a high crs score,0,0,33,3,0%,0%,23.73,25.33
tr to pr pathway,0,0,33,1,0%,0%,50.58,47
кто правит канадой,0,1,32,6,0%,16.67%,8.06,10.33
канадский язык существует,0,0,31,0,0%,0%,7.19,0
עוד קנדה,0,0,29,2,0%,0%,49.38,61.5
citizenship grant meaning,0,0,28,0,0%,0%,11.25,0
национальный спорт канады,0,0,27,6,0%,0%,3.67,4.5
площадь канады,0,0,27,2,0%,0%,9.44,9
licensed immigration consultant,0,0,27,5,0%,0%,36.93,35.6
кто правит в канаде,0,0,25,5,0%,0%,7.48,8.6
positive lmia,0,0,25,4,0%,0%,8,10.75
природа канады,0,0,25,3,0%,0%,8.2,10.33
существует ли канадский язык,0,0,24,0,0%,0%,7.54,0
канадский язык,0,0,24,1,0%,0%,7.58,6
קנדה,0,0,23,5,0%,0%,28.78,40.4
tr to pr,0,0,23,0,0%,0%,49.83,0
common-law partner for canadian immigration,0,0,23,11,0%,0%,65.09,67.36
express entry draw history,0,0,22,16,0%,0%,19.5,22.88
история канады,0,0,21,0,0%,0%,7.95,0
площа канади,0,0,20,0,0%,0%,9.85,0
"""renting in canada as a newcomer""",0,0,19,21,0%,0%,3.74,2.9
ייצוג משפטי בקנדה,0,0,19,13,0%,0%,27.11,30
canada language,0,0,19,11,0%,0%,43.74,46.64
כמה אגמים יש בקנדה,0,0,18,0,0%,0%,6.39,0
население канады,0,0,18,0,0%,0%,10.06,0
ircc news,0,0,17,0,0%,0%,4.12,0
la province la plus facile pour immigrer au canada 2025,0,2,17,3,0%,66.67%,4.65,4
самый популярный спорт в канаде,0,0,17,2,0%,0%,9.24,8
"have you ever needed to have foreign credentials evaluated for work in 
canada?",0,0,17,0,0%,0%,9.59,0
ee draw history,0,0,17,9,0%,0%,19.29,21.56
עבודה בקנדה ללא ויזה,0,0,17,0,0%,0%,31.59,0
экономика канады,0,0,15,12,0%,0%,4.93,6.5
канада спорт,0,0,15,2,0%,0%,6.27,5.5
בת כמה קנדה,0,0,15,1,0%,0%,6.27,10
permis de travail ouvert,0,0,15,2,0%,0%,26.87,25
minimum crs score for canada,0,0,14,3,0%,0%,8.93,24.67
https://www.canada.ca/en/employment-social-development/services/foreign-workers/refusal.html,0,0,14,0,0%,0%,10,0
express entry rounds of invitation,0,0,14,6,0%,0%,37.43,37.5
канада это монархия,0,0,13,7,0%,0%,8,5.86
פרובינציות בקנדה,0,0,13,0,0%,0%,9.69,0
канада история,0,0,13,0,0%,0%,9.77,0
last express entry draw,0,0,13,11,0%,0%,47.92,48.45
minimum crs score for express entry,0,0,12,1,0%,0%,9.67,29
правительство канады,0,0,12,19,0%,0%,10.42,8.42
express entry draw results,0,0,12,11,0%,0%,40.5,46.91
спорт в канаде,0,0,11,1,0%,0%,5.73,1
какой язык в канаде,0,0,11,1,0%,0%,6.18,8
канада язык,0,0,11,0,0%,0%,7,0
канада монархия или республика,0,0,11,1,0%,0%,7.55,13
quelle différence entre consultant et avocat en immigration,0,0,11,0,0%,0%,9.36,0
draw history express entry,0,0,11,2,0%,0%,9.55,12.5
ircc draw history,0,0,11,3,0%,0%,10.27,9.33
how to improve crs score,0,0,11,1,0%,0%,14.82,17
crs score,0,0,11,7,0%,0%,17.82,17.86
балл,0,0,10,0,0%,0%,6,0
самый популярный вид спорта в канаде,0,0,10,3,0%,0%,8.9,9.67
כמה תושבים יש בקנדה,0,0,10,2,0%,0%,9.6,21
sports in canada,0,0,10,0,0%,0%,27.9,0
ircc updates today,0,0,9,0,0%,0%,3,0
lana isa toronto,0,0,9,3,0%,0%,6.11,6
кто открыл канаду,0,0,9,0,0%,0%,9.22,0
crs canada,0,0,9,2,0%,0%,11.56,14
קנדה הצרפתית,0,0,9,0,0%,0%,12.56,0
permis de travail ouvert canada,0,0,9,0,0%,0%,23.89,0
immigration consultant vs lawyer,0,0,9,0,0%,0%,43.44,0
common-law sponsorship canada,0,0,9,2,0%,0%,60.56,65.5
canada citizenship processing time,0,0,8,0,0%,0%,2.25,0
formulaire immigration canada en ligne,0,0,8,0,0%,0%,2.5,0
דירות בקנדה,0,0,8,1,0%,0%,6.5,15
сколько людей живёт в канаде,0,0,8,0,0%,0%,10.25,0
what is a citizenship grant,0,0,8,0,0%,0%,10.88,0
канада монархия,0,0,8,5,0%,0%,10.88,9.4
rentals for newcomers canada,0,0,8,2,0%,0%,12,24.5
permis de travail canada,0,0,8,0,0%,0%,24.62,0
foreign credentials evaluation,0,0,8,0,0%,0%,34.88,0
how to immigrate to canada without job offer,0,0,8,0,0%,0%,44.25,0
ircc update today,0,0,7,0,0%,0%,2.86,0
lana,0,0,7,12,0%,0%,4.29,8.17
кому подчиняется канада,0,0,7,0,0%,0%,5.57,0
what weather is canada known for,0,0,7,0,0%,0%,8.86,0
сколько людей в канаде,0,0,7,0,0%,0%,9,0
langue parlée au canada,0,0,7,0,0%,0%,12.43,0
foreign credential evaluation,0,0,7,0,0%,0%,34.71,0
language of canada,0,0,7,3,0%,0%,40.71,48.67
languages canada,0,0,7,2,0%,0%,41.29,36.5
language in canada,0,0,7,1,0%,0%,41.86,39
express entry draw result,0,0,7,6,0%,0%,43.86,46.67
immigration medical richmond hill,0,0,7,0,0%,0%,65.86,0
canada,0,0,6,2,0%,0%,1.5,1
популярный спорт в канаде,0,0,6,1,0%,0%,3,10
интересные факты о канаде,0,0,6,0,0%,0%,3.33,0
есть ли канадский язык,0,0,6,0,0%,0%,6.67,0
most famous landmark in canada,0,0,6,1,0%,0%,6.83,9
на каком языке говорят в канаде,0,0,6,0,0%,0%,7.5,0
immigration consultant richmond hill,0,0,6,1,0%,0%,8.5,10
независимость канады,0,0,6,0,0%,0%,8.67,0
когда была основана канада,0,0,6,0,0%,0%,9,0
crs minimum score,0,0,6,1,0%,0%,9.17,52
what is canada's most famous landmark,0,0,6,0,0%,0%,9.67,0
дата основания канады,0,0,6,0,0%,0%,10.33,0
landmarks canada,0,0,6,0,0%,0%,13.5,0
איך מקבלים אזרחות קנדית,0,0,6,0,0%,0%,16,0
demande de permis de travail ouvert,0,0,6,0,0%,0%,26.33,0
express entry rounds,0,0,6,7,0%,0%,28.17,32.29
אזרחות קנדית לישראלים,0,0,6,0,0%,0%,33.67,0
קנדה שטח,0,0,6,1,0%,0%,37,46
канада,0,0,6,0,0%,0%,38.33,0
languages in canada,0,0,6,0,0%,0%,41,0
climate in canada,0,0,6,0,0%,0%,42.83,0
tr to pr 2026,0,0,6,0,0%,0%,49.83,0
אישור עבודה בקנדה,0,0,6,1,0%,0%,51.5,37
immigration news canada,0,0,5,0,0%,0%,3,0
ee draw score history,0,0,5,0,0%,0%,4.8,0
celpip crs score boost,0,0,5,0,0%,0%,5.4,0
официальные языки канады,0,0,5,0,0%,0%,7.8,0
население в канаде,0,0,5,0,0%,0%,8,0
פרובינציות קנדה,0,0,5,1,0%,0%,8.8,11
канада правительство,0,0,5,5,0%,0%,10,6.6
is immigration consultant a good career,0,0,5,0,0%,0%,10.6,0
сколько населения в канаде,0,0,5,0,0%,0%,10.8,0
famous landmark in canada,0,0,5,0,0%,0%,11,0
immigration consultant richmond,0,0,5,0,0%,0%,13.2,0
иммиграционное мошенничество,0,0,5,2,0%,0%,15.2,16
immigratelaw отзывы,0,0,5,0,0%,0%,16,0
minimum crs score,0,0,5,1,0%,0%,18.4,12
pilot program canada,0,0,5,0,0%,0%,21.4,0
climate of canada,0,0,5,0,0%,0%,32,0
permis de travail temporaire canada,0,0,5,1,0%,0%,39.2,21
tr to pr pathway 2026,0,0,5,0,0%,0%,43.2,0
what is the climate in canada,0,0,5,0,0%,0%,44.4,0
permis de travail transitoire,0,0,5,0,0%,0%,45.8,0
canada official language,0,0,5,7,0%,0%,46,40.43
positive lmia from service canada,0,0,5,14,0%,0%,46.2,64.71
what is the minimum crs score for canada,0,0,4,0,0%,0%,1,0
yes,0,0,4,0,0%,0%,2.5,0
express entry crs score cut off,0,0,4,0,0%,0%,3,0
ircc,0,0,4,0,0%,0%,3,0
immigration canada 2026 inscription,0,0,4,0,0%,0%,4.25,0
официальный язык в канаде,0,0,4,0,0%,0%,5,0
канада официальный язык,0,0,4,1,0%,0%,6,8
язык в канаде,0,0,4,0,0%,0%,6.25,0
економіка канади,0,0,4,0,0%,0%,6.75,0
природа в канаде,0,0,4,2,0%,0%,6.75,9.5
канада языки,0,0,4,1,0%,0%,7.75,8
масохати канада,0,0,4,0,0%,0%,7.75,0
grant citizenship meaning,0,0,4,0,0%,0%,8.25,0
what is citizenship grant canada,0,0,4,0,0%,0%,8.75,0
какой национальный язык в канаде,0,0,4,0,0%,0%,8.75,0
langue parler au canada,0,0,4,1,0%,0%,9.75,12
языки в канаде,0,0,4,0,0%,0%,10,0
landmarks in canada,0,0,4,0,0%,0%,10.25,0
канада площадь,0,0,4,1,0%,0%,10.75,6
когда была открыта канада,0,0,4,0,0%,0%,11,0
easiest province to immigrate to canada,0,0,4,0,0%,0%,12.5,0
cec draw history,0,0,4,4,0%,0%,15,22.25
canada crs score,0,0,4,6,0%,0%,15.25,18.33
rentals for newcomers,0,0,4,0,0%,0%,15.5,0
study in canada 2026,0,0,4,3,0%,0%,19.25,10.33
pilot program in canada,0,0,4,0,0%,0%,21,0
canada crs minimum score,0,0,4,1,0%,0%,25,40
foreign degree evaluation in canada,0,0,4,0,0%,0%,31.75,0
express entry minimum score,0,0,4,4,0%,0%,34.75,32
canada national sports,0,0,4,0,0%,0%,36.75,0
express entry канада,0,0,4,1,0%,0%,40.25,13
canada in language,0,0,4,2,0%,0%,41.75,37.5
languages of canada,0,0,4,1,0%,0%,41.75,45
last draw express entry,0,0,4,3,0%,0%,42,40
climate of canada in winter,0,0,4,0,0%,0%,44.25,0
official language of canada,0,0,4,1,0%,0%,44.5,44
canada languages,0,0,4,2,0%,0%,47.75,54
emilia d’anzica,0,0,4,0,0%,0%,88.75,0
délai de traitement ircc résidence permanente,0,0,3,0,0%,0%,1,0
природа канади,0,0,3,1,0%,0%,1,11
immigration,0,0,3,0,0%,0%,2.33,0
ircc canada,0,0,3,0,0%,0%,2.67,0
express entry crs cut off,0,0,3,0,0%,0%,3,0
ircc latest update,0,0,3,0,0%,0%,3,0
immigration canada,0,0,3,0,0%,0%,3.33,0
new update ircc,0,0,3,0,0%,0%,3.33,0
ircc new update,0,0,3,0,0%,0%,3.67,0
saskatchewan,0,0,3,0,0%,0%,3.67,0
immigration consultant,0,0,3,0,0%,0%,4,0
ircc updates,0,0,3,0,0%,0%,4.33,0
государственные языки канады,0,0,3,0,0%,0%,4.67,0
ircc latest news,0,0,3,0,0%,0%,5,0
площадь канады в км,0,0,3,0,0%,0%,5.33,0
demb,0,0,3,0,0%,0%,5.67,0
canadian landmarks,0,0,3,0,0%,0%,6,0
какие официальные языки в канаде,0,0,3,0,0%,0%,6,0
канада мова,0,0,3,0,0%,0%,6.33,0
канада мови,0,0,3,0,0%,0%,6.33,0
канада природа,0,0,3,0,0%,0%,6.33,0
канада республика или монархия,0,0,3,0,0%,0%,6.67,0
национальный язык канады,0,0,3,0,0%,0%,6.67,0
когда канада стала независимой,0,0,3,0,0%,0%,7,0
сколько языков в канаде,0,0,3,0,0%,0%,7.67,0
в канаде монархия,0,0,3,1,0%,0%,8,1
экспресс энтри канада 2026,0,0,3,4,0%,0%,8,9
языки канады,0,0,3,0,0%,0%,8,0
сколько людей проживает в канаде,0,0,3,0,0%,0%,8.67,0
cicc client file management regulation,0,0,3,0,0%,0%,9,0
канада площа,0,0,3,0,0%,0%,9,0
иммиграция,0,0,3,0,0%,0%,9.33,0
canada most famous landmark,0,0,3,0,0%,0%,9.67,0
основание канады,0,0,3,0,0%,0%,9.67,0
fastest pnp in canada,0,0,3,0,0%,0%,10,0
ontario new immigration rules,0,0,3,0,0%,0%,10,0
сколько официальных языков в канаде,0,0,3,0,0%,0%,10,0
which canadian province is easiest to immigrate,0,0,3,0,0%,0%,10.33,0
канада конституционная монархия,0,0,3,0,0%,0%,10.33,0
canada crs scores,0,0,3,0,0%,0%,10.67,0
pnp jobs in canada,0,0,3,0,0%,0%,11.33,0
what is the most famous landmark in canada,0,0,3,2,0%,0%,11.33,11.5
closed work permit canada,0,0,3,1,0%,0%,11.67,18
канада люди,0,0,3,0,0%,0%,12.33,0
crs score canada,0,0,3,2,0%,0%,13.33,23.5
citoyen canadien,0,0,3,2,0%,0%,14.33,22.5
foreign credential recognition canada,0,0,3,1,0%,0%,15.67,14
ircc crs score,0,0,3,2,0%,0%,16,7
политика канады,0,0,3,2,0%,0%,16.33,4.5
אזרחות קנדית,0,0,3,7,0%,0%,16.67,16.29
what does an immigration consultant do,0,0,3,0,0%,0%,17.67,0
what is the climate of canada like,0,0,3,0,0%,0%,20.33,0
géographie canada,0,0,3,0,0%,0%,20.67,0
canada pilot program,0,0,3,0,0%,0%,21.67,0
cuisine canada,0,0,3,2,0%,0%,22,20.5
nationalite canadienne,0,0,3,2,0%,0%,22.67,34
foreign credential recognition,0,0,3,0,0%,0%,23.67,0
canadian sports,0,0,3,0,0%,0%,26,0
citoyenneté canada,0,0,3,0,0%,0%,27.33,0
sports canada,0,0,3,2,0%,0%,28.67,15
где находится канада,0,0,3,0,0%,0%,38,0
rounds of invitations express entry,0,0,3,0,0%,0%,38.67,0
permis de travail ouvert transitoire,0,0,3,1,0%,0%,43.33,45
foreign credential evaluations,0,0,3,0,0%,0%,47.33,0
when was canada founded,0,0,3,0,0%,0%,47.33,0
last express entry draw score,0,0,3,1,0%,0%,51,62
close work permit canada,0,0,2,0,0%,0%,1,0
formulaire d'immigration au canada gratuit,0,0,2,0,0%,0%,1,0
liste des consultants agréés immigration canada,0,0,2,0,0%,0%,1,0
lowest crs score,0,0,2,0,0%,0%,1,0
minimum crs points for express entry,0,0,2,0,0%,0%,1,0
what crs score is needed for express entry,0,0,2,0,0%,0%,1,0
ircc latest update today,0,0,2,0,0%,0%,2,0
manitoba immigration,0,0,2,0,0%,0%,2,0
nouveau brunswick immigration,0,0,2,0,0%,0%,2,0
ontario immigration,0,0,2,0,0%,0%,2,0
oui,0,0,2,1,0%,0%,2,11
ircc news update,0,0,2,0,0%,0%,2.5,0
province de saskatchewan,0,0,2,0,0%,0%,2.5,0
canada atlantique,0,0,2,0,0%,0%,3,0
crs score minimum,0,0,2,0,0%,0%,3,0
pnp canada,0,0,2,0,0%,0%,3,0
prra processing time 2026,0,0,2,0,0%,0%,3,0
visa canada,0,0,2,0,0%,0%,3,0
какой океан в канаде,0,0,2,0,0%,0%,3,0
permanent resident canada,0,0,2,0,0%,0%,3.5,0
immigration canada 2026 inscription site officiel,0,0,2,0,0%,0%,4,0
pnp program canada,0,0,2,0,0%,0%,4,0
какой язык помимо английского признан официальным в канаде,0,0,2,1,0%,0%,4,5
alberta,0,0,2,0,0%,0%,4.5,0
minimum crs score express entry canada 2026,0,0,2,5,0%,0%,4.5,8.2
pr points calculator,0,0,2,0,0%,0%,4.5,0
государственный язык в канаде,0,0,2,0,0%,0%,4.5,0
auto consulta extranjería,0,0,2,0,0%,0%,5,0
какой официальный язык в канаде,0,0,2,0,0%,0%,5,0
канада культура,0,0,2,0,0%,0%,5,0
канада экономика,0,0,2,4,0%,0%,5,6.5
официальный язык канады,0,0,2,1,0%,0%,5,12
численность населения в канаде,0,0,2,0,0%,0%,5,0
какая площадь канады,0,0,2,0,0%,0%,5.5,0
canada landmarks,0,0,2,0,0%,0%,6,0
в канаде какой язык,0,0,2,0,0%,0%,6.5,0
канада территория,0,0,2,0,0%,0%,6.5,0
lina pakenova,0,0,2,0,0%,0%,7,0
какой язык в канаде основной,0,0,2,0,0%,0%,7,0
монархия в канаде,0,0,2,0,0%,0%,7,0
на каком языке разговаривают в канаде,0,0,2,0,0%,0%,7,0
easiest province to immigrate to in canada,0,0,2,0,0%,0%,7.5,0
lana ca,0,0,2,1,0%,0%,7.5,3
гражданин канады,0,0,2,0,0%,0%,7.5,0
crs scores canada,0,0,2,0,0%,0%,8,0
major language in canada,0,0,2,2,0%,0%,8,6
what is citizenship grant in canada,0,0,2,0,0%,0%,8,0
сколько людей живет в канаде,0,0,2,0,0%,0%,8,0
canada major language,0,0,2,0,0%,0%,9,0
easiest province to get pnp in canada,0,0,2,0,0%,0%,9,0
temporary resident visa canada,0,0,2,0,0%,0%,9,0
иммиграционные,0,0,2,0,0%,0%,9,0
מיקוד קנדה טורונטו,0,0,2,0,0%,0%,9,0
канада дата основания,0,0,2,0,0%,0%,9.5,0
канада независимость,0,0,2,0,0%,0%,9.5,0
национальные языки канады,0,0,2,0,0%,0%,9.5,0
самые красивые места в канаде,0,0,2,0,0%,0%,9.5,0
האם ניתן לעסיק תושבת ישראל דליה בקנדה,0,0,2,1,0%,0%,9.5,12
certificat de citoyenneté canadienne,0,0,2,0,0%,0%,10,0
express entry проходной балл,0,0,2,5,0%,0%,10,12.4
канада официальные языки,0,0,2,0,0%,0%,10,0
канада факты,0,0,2,0,0%,0%,10,0
кто управляет канадой,0,0,2,3,0%,0%,10,9.67
сколько населения канады,0,0,2,0,0%,0%,10,0
מה זה פרובינציה,0,0,2,0,0%,0%,10,0
lana aisaa toronto,0,0,2,0,0%,0%,10.5,0
quelle est la meilleure province du canada pour une immigration,0,0,2,0,0%,0%,10.5,0
природа канада,0,0,2,0,0%,0%,10.5,0
איך קונים דירה מישראל קנדה,0,0,2,0,0%,0%,10.5,0
canada food culture,0,0,2,0,0%,0%,11,0
how many languages in canada,0,0,2,0,0%,0%,11,0
how to increase points,0,0,2,0,0%,0%,11,0
renting in canada as a newcomer,0,0,2,0,0%,0%,11,0
what is the climate like in canada,0,0,2,0,0%,0%,11,0
канада член нато,0,0,2,0,0%,0%,11,0
9 lana,0,0,2,0,0%,0%,11.5,0
cec,0,0,2,0,0%,0%,11.5,0
lana del rey hundred dollar bill bpm filetype:pdf,0,0,2,0,0%,0%,11.5,0
langue officielle du canada,0,0,2,0,0%,0%,11.5,0
pnp canada jobs,0,0,2,0,0%,0%,11.5,0
какое население канады,0,0,2,0,0%,0%,11.5,0
la langue parler au canada,0,0,2,0,0%,0%,12,0
landmark in canada,0,0,2,0,0%,0%,12,0
what are the two national sports of canada?,0,0,2,0,0%,0%,12,0
consultante en immigration,0,0,2,0,0%,0%,12.5,0
lmia что это,0,0,2,0,0%,0%,12.5,0
sport national canada,0,0,2,0,0%,0%,12.5,0
what is the climate of canada,0,0,2,0,0%,0%,12.5,0
канада в нато,0,0,2,0,0%,0%,12.5,0
האם אפשר לקנות בית בקנדה,0,0,2,1,0%,0%,12.5,16
citizenship grant canada,0,0,2,0,0%,0%,13.5,0
canada express entry minimum score,0,0,2,1,0%,0%,15.5,22
lana payl,0,0,2,0,0%,0%,15.5,0
קנדה ויקיפדיה,0,0,2,0,0%,0%,16.5,0
crs score history,0,0,2,0,0%,0%,17,0
береговая линия канады,0,0,2,0,0%,0%,17,0
canadian citizenship grant,0,0,2,0,0%,0%,18,0
consultant en immigration,0,0,2,0,0%,0%,18,0
consultant sans fil professionnel,0,0,2,0,0%,0%,18.5,0
foreign qualification recognition canada,0,0,2,0,0%,0%,18.5,0
crs draw history,0,0,2,1,0%,0%,19,19
държавно устройство на канада,0,0,2,0,0%,0%,20,0
канада кордони,0,0,2,0,0%,0%,20,0
demande de permis de travail ouvert canada,0,0,2,0,0%,0%,20.5,0
fsw draw history,0,0,2,0,0%,0%,21,0
obtenir la nationalité canadienne,0,0,2,1,0%,0%,21.5,55
sport canadien,0,0,2,0,0%,0%,21.5,0
devenir citoyen canadien,0,0,2,0,0%,0%,22,0
move to canada without job offer,0,0,2,0,0%,0%,22.5,0
קנדה בחורף,0,0,2,0,0%,0%,22.5,0
quel langue parle ton au canada,0,0,2,0,0%,0%,23,0
what do immigration consultants do,0,0,2,0,0%,0%,23,0
citizenship grant,0,0,2,0,0%,0%,24,0
géographie du canada,0,0,2,0,0%,0%,24,0
how many national sports does canada have,0,0,2,0,0%,0%,25.5,0
last draw of express entry,0,0,2,2,0%,0%,26.5,36
canada ee score history,0,0,2,0,0%,0%,29,0
immigcanada immigration consulting services,0,0,2,2,0%,0%,29,32.5
charterlane immigration,0,0,2,0,0%,0%,29.5,0
national sports in canada,0,0,2,0,0%,0%,30,0
what is the climate in canada like,0,0,2,0,0%,0%,30.5,0
crs score cut off 2026,0,0,2,0,0%,0%,31,0
program pilot canada,0,0,2,0,0%,0%,31,0
canada géographie,0,0,2,0,0%,0%,33,0
canada sports,0,0,2,0,0%,0%,34,0
what is a pilot program,0,0,2,0,0%,0%,34,0
איפה נמצאת קנדה,0,0,2,0,0%,0%,34,0
demande de citoyennete canadienne,0,0,2,0,0%,0%,35,0
language canada,0,0,2,1,0%,0%,35,38
nationalité canadienne,0,0,2,6,0%,0%,35,35
canada immigration fraud,0,0,2,0,0%,0%,38,0
can i move to canada without a job,0,0,2,0,0%,0%,39,0
comment s'inscrire au programme pilote d'immigration au canada atlantique,0,0,2,0,0%,0%,40,0
last draw express entry canada,0,0,2,0,0%,0%,40,0
quel est la superficie du canada,0,0,2,1,0%,0%,40,40
canada climate in winter,0,0,2,0,0%,0%,40.5,0
what are canada's national sports,0,0,2,0,0%,0%,41,0
last cec draw,0,0,2,0,0%,0%,41.5,0
canada tr to pr pathway 2026,0,0,2,0,0%,0%,42,0
canada official languages,0,0,2,0,0%,0%,42.5,0
canadian language,0,0,2,0,0%,0%,42.5,0
official languages in canada,0,0,2,1,0%,0%,42.5,44
immigration lawyer vs consultant,0,0,2,0,0%,0%,43,0
le sport au canada,0,0,2,0,0%,0%,43.5,0
la canadian immigration ltd,0,0,2,1,0%,0%,45,57
résident temporaire,0,0,2,0,0%,0%,45,0
canada study permit 2026,0,0,2,0,0%,0%,47,0
délai de traitement permis de travail ouvert,0,0,2,0,0%,0%,49,0
tr to pr requirements 2026,0,0,2,0,0%,0%,50,0
ircc tr to pr 2026,0,0,2,0,0%,0%,50.5,0
tr to pr pathway canada 2026,0,0,2,0,0%,0%,51,0
common law immigration,0,0,2,1,0%,0%,51.5,69
what is common law partner,0,0,2,0,0%,0%,51.5,0
what is the language of canada,0,0,2,2,0%,0%,51.5,59.5
canada common law partner,0,0,2,0,0%,0%,52.5,0
express entry for skilled workers,0,0,2,0,0%,0%,52.5,0
when did settlers come to canada,0,0,2,0,0%,0%,52.5,0
common law vs conjugal partner,0,0,2,1,0%,0%,53,68
tr to pr update,0,0,2,0,0%,0%,53.5,0
common law partner canada requirements,0,0,2,0,0%,0%,56.5,0
spouse common law,0,0,2,0,0%,0%,56.5,0
ויזת עבודה בקנדה,0,0,2,0,0%,0%,57,0
paul dalla lana,0,0,2,0,0%,0%,59.5,0
קנדה נופים,0,0,2,0,0%,0%,62.5,0
what is tr,0,0,2,0,0%,0%,63,0
common law canada immigration,0,0,2,0,0%,0%,64,0
common law partner canada,0,0,2,1,0%,0%,68,66
יער קנדה,0,0,2,2,0%,0%,68.5,67.5
immigration lawyer richmond hill,0,0,2,0,0%,0%,69,0
common in law partner canada,0,0,2,0,0%,0%,71.5,0
פארק קנדה אטרקציות,0,0,2,0,0%,0%,77,0
do i need to apply for common law,0,0,2,0,0%,0%,78.5,0
2027 december,0,0,1,0,0%,0%,1,0
488,0,0,1,0,0%,0%,1,0
accès canada inscription en ligne,0,0,1,0,0%,0%,1,0
aller vivre au canada,0,0,1,0,0%,0%,1,0
attestation d'équivalence d'études,0,0,1,0,0%,0%,1,0
can a us citizen become a canadian citizen,0,0,1,0,0%,0%,1,0
can americans become canadian citizens,0,0,1,0,0%,0%,1,0
can an american become a canadian citizen,0,0,1,0,0%,0%,1,0
canada famous landmark,0,0,1,0,0%,0%,1,0
canada francophone,0,0,1,0,0%,0%,1,0
canada residence permanente,0,0,1,0,0%,0%,1,0
canada visa types,0,0,1,0,0%,0%,1,0
cec draw expected date,0,0,1,0,0%,0%,1,0
comment avoir le visa pour le canada,0,0,1,0,0%,0%,1,0
comment faire la demande de visa pour le canada,0,0,1,0,0%,0%,1,0
"crjkmrj ,fkkjd",0,0,1,0,0%,0%,1,0
crs,0,0,1,0,0%,0%,1,0
crs score needed for express entry,0,0,1,0,0%,0%,1,0
demande d'immigration,0,0,1,0,0%,0%,1,0
eca canada,0,0,1,0,0%,0%,1,0
entrée express canada 2026,0,0,1,0,0%,0%,1,0
eoî saskatchewan,0,0,1,0,0%,0%,1,0
fast immigration,0,0,1,0,0%,0%,1,0
fastest way to get pr in canada,0,0,1,0,0%,0%,1,0
formulaire immigration canada,0,0,1,0,0%,0%,1,0
guichet emploi canada pour étranger francophone,0,0,1,0,0%,0%,1,0
how long does it take to receive aor from ircc for pr application,0,0,1,0,0%,0%,1,0
how much crs score required for canada,0,0,1,0,0%,0%,1,0
how to get pr in canada,0,0,1,0,0%,0%,1,0
i am in canada,0,0,1,0,0%,0%,1,0
immigration au canada pour travailler,0,0,1,0,0%,0%,1,0
immigration consultant near me,0,0,1,1,0%,0%,1,1
immigration consultation canada,0,0,1,0,0%,0%,1,0
in eng,0,0,1,0,0%,0%,1,0
ircc new updates,0,0,1,0,0%,0%,1,0
ircc news today 2026,0,0,1,0,0%,0%,1,0
is it easy to become a canadian citizen as an american,0,0,1,0,0%,0%,1,0
is it hard to get canadian citizenship as an american,0,0,1,0,0%,0%,1,0
lanada,0,0,1,0,0%,0%,1,0
langues officielles au canada,0,0,1,0,0%,0%,1,0
latest news immigration canada,0,0,1,0,0%,0%,1,0
licence,0,0,1,0,0%,0%,1,0
lowest crs score 2026,0,0,1,0,0%,0%,1,0
minimum score for express entry canada,0,0,1,0,0%,0%,1,0
my brother in law,0,0,1,0,0%,0%,1,0
nexus application time,0,0,1,0,0%,0%,1,0
no pending,0,0,1,0,0%,0%,1,0
no trip,0,0,1,0,0%,0%,1,0
origine des canadiens,0,0,1,0,0%,0%,1,0
partir vivre au canada,0,0,1,0,0%,0%,1,0
pas de réponse,0,0,1,0,0%,0%,1,0
permis de sejour temporaire au canada,0,0,1,0,0%,0%,1,0
pro consulting lana,0,0,1,0,0%,0%,1,0
programme immigration canada 2026,0,0,1,0,0%,0%,1,0
prtd processing time,0,0,1,0,0%,0%,1,0
what is the minimum crs score for express entry,0,0,1,0,0%,0%,1,0
équivalence diplôme canada en ligne,0,0,1,0,0%,0%,1,0
а какая самая лучшая?,0,0,1,0,0%,0%,1,0
восток страны,0,0,1,0,0%,0%,1,0
еміграція в канаду для українців 2026,0,0,1,0,0%,0%,1,0
канада интересные факты,0,0,1,0,0%,0%,1,0
на каком языке говорят в торонто,0,0,1,1,0%,0%,1,22
официальные языки в канаде,0,0,1,0,0%,0%,1,0
сколкьо,0,0,1,0,0%,0%,1,0
факты о канаде,0,0,1,0,0%,0%,1,0
эмиграция в канаду 2026,0,0,1,0,0%,0%,1,0
biggest province in canada,0,0,1,0,0%,0%,2,0
canada immigration,0,0,1,0,0%,0%,2,0
canada pnp programme,0,0,1,0,0%,0%,2,0
canada pr point,0,0,1,0,0%,0%,2,0
canadian citizenship processing time,0,0,1,0,0%,0%,2,0
canadian pr calculator,0,0,1,0,0%,0%,2,0
casselman ontario,0,0,1,0,0%,0%,2,0
cicc stands for,0,0,1,0,0%,0%,2,0
citizenship contact phone number,0,0,1,0,0%,0%,2,0
competitiveness,0,0,1,0,0%,0%,2,0
crs score current,0,0,1,0,0%,0%,2,0
dossier immigration canada,0,0,1,0,0%,0%,2,0
entrée express,0,0,1,0,0%,0%,2,0
how long does it take to get canadian citizenship,0,0,1,0,0%,0%,2,0
how many points do i need for pr,0,0,1,0,0%,0%,2,0
how to gain canadian citizenship,0,0,1,0,0%,0%,2,0
how to settle in canada,0,0,1,0,0%,0%,2,0
i am pr in canada,0,0,1,0,0%,0%,2,0
immigration lawyer near me,0,0,1,0,0%,0%,2,0
ircc crs calculator,0,0,1,0,0%,0%,2,0
j’attends toujours,0,0,1,0,0%,0%,2,0
les provinces francophones du canada,0,0,1,0,0%,0%,2,0
mois janvier 2027,0,0,1,0,0%,0%,2,0
nhl scores,0,0,1,0,0%,0%,2,0
nickle lake regional park,0,0,1,0,0%,0%,2,0
objectif canada,0,0,1,0,0%,0%,2,0
oui les deux,0,0,1,0,0%,0%,2,0
petites créances mon dossier,0,0,1,0,0%,0%,2,0
pr points draw,0,0,1,0,0%,0%,2,0
programme des candidats de province,0,0,1,0,0%,0%,2,0
programme des candidats des provinces nouveau-brunswick,0,0,1,0,0%,0%,2,0
programme rt,0,0,1,0,0%,0%,2,0
provinces du canada carte,0,0,1,0,0%,0%,2,0
quelle heure il est actuellement au canada,0,0,1,0,0%,0%,2,0
record of landing canada,0,0,1,0,0%,0%,2,0
short ans,0,0,1,0,0%,0%,2,0
the bridge program,0,0,1,0,0%,0%,2,0
what about cousin?,0,0,1,0,0%,0%,2,0
what is the best way to get pr in canada,0,0,1,0,0%,0%,2,0
магистр экономических наук,0,0,1,0,0%,0%,2,0
максимум,0,0,1,0,0%,0%,2,0
2023,0,0,1,0,0%,0%,3,0
aaip,0,0,1,0,0%,0%,3,0
brampton immigration,0,0,1,0,0%,0%,3,0
bridging program,0,0,1,0,0%,0%,3,0
can international students work off campus in usa,0,0,1,0,0%,0%,3,0
canada .ca,0,0,1,0,0%,0%,3,0
canada citizenship application,0,0,1,0,0%,0%,3,0
canada green card,0,0,1,0,0%,0%,3,0
canada immigration for us citizens,0,0,1,0,0%,0%,3,0
canada pr points calculator,0,0,1,0,0%,0%,3,0
canada pr processing time,0,0,1,0,0%,0%,3,0
canada recrutement international,0,0,1,0,0%,0%,3,0
canadian experience class requirements,0,0,1,0,0%,0%,3,0
canadian government travel warnings,0,0,1,0,0%,0%,3,0
carney brexit,0,0,1,0,0%,0%,3,0
colombie britannique,0,0,1,0,0%,0%,3,0
denaturalization,0,0,1,0,0%,0%,3,0
deporte nacional de canada,0,0,1,0,0%,0%,3,0
dino prizmic religion,0,0,1,0,0%,0%,3,0
employer sponsorship canada,0,0,1,0,0%,0%,3,0
for future,0,0,1,0,0%,0%,3,0
how many points for pr canada,0,0,1,0,0%,0%,3,0
how many points for pr in canada,0,0,1,0,0%,0%,3,0
how to apply for canadian citizenship after pr,0,0,1,0,0%,0%,3,0
how to apply for permanent residence in canada from outside canada,0,0,1,0,0%,0%,3,0
how to apply refugee in canada,0,0,1,0,0%,0%,3,0
how to get canada residency,0,0,1,0,0%,0%,3,0
immigcanada,0,0,1,0,0%,0%,3,0
immigration consultant montreal,0,0,1,0,0%,0%,3,0
immigration lawyer scarborough,0,0,1,0,0%,0%,3,0
immigration pnp,0,0,1,0,0%,0%,3,0
indeed canada français,0,0,1,0,0%,0%,3,0
ircc contact number,0,0,1,0,0%,0%,3,0
is alison empower yourself legit,0,0,1,0,0%,0%,3,0
is crs calculator accurate,0,0,1,0,0%,0%,3,0
just say yes or no,0,0,1,0,0%,0%,3,0
lana zayadi,0,0,1,0,0%,0%,3,0
lancanada,0,0,1,1,0%,0%,3,10
les 10 provinces du canada,0,0,1,0,0%,0%,3,0
les province francophone du canada,0,0,1,0,0%,0%,3,0
les provinces du canada,0,0,1,0,0%,0%,3,0
manitoba mpnp,0,0,1,0,0%,0%,3,0
new ircc updates,0,0,1,0,0%,0%,3,0
newcomer,0,0,1,0,0%,0%,3,0
normal process,0,0,1,0,0%,0%,3,0
nova scotia pnp,0,0,1,0,0%,0%,3,0
oinp application process,0,0,1,0,0%,0%,3,0
oinp application processing time,0,0,1,0,0%,0%,3,0
oinp phone number,0,0,1,0,0%,0%,3,0
open work permit,0,0,1,0,0%,0%,3,0
parle moi du canada,0,0,1,0,0%,0%,3,0
pcp canada,0,0,1,0,0%,0%,3,0
pei pr pathways,0,0,1,0,0%,0%,3,0
pfl in immigration,0,0,1,0,0%,0%,3,0
pnp canada immigration,0,0,1,0,0%,0%,3,0
pointe pelee,0,0,1,0,0%,0%,3,0
pr,0,0,1,0,0%,0%,3,0
pr application,0,0,1,0,0%,0%,3,0
prolongation permis d'études,0,0,1,0,0%,0%,3,0
province du canada francophone,0,0,1,0,0%,0%,3,0
province du manitoba au canada,0,0,1,0,0%,0%,3,0
regina canada,0,0,1,0,0%,0%,3,0
saskatoon,0,0,1,0,0%,0%,3,0
st john's,0,0,1,0,0%,0%,3,0
statutory declaration,0,0,1,0,0%,0%,3,0
suis au canada,0,0,1,0,0%,0%,3,0
teer classification,0,0,1,0,0%,0%,3,0
total cost for canada pr from india,0,0,1,0,0%,0%,3,0
ville de saskatchewan,0,0,1,0,0%,0%,3,0
what if i lost my work permit,0,0,1,0,0%,0%,3,0
what is cansec,0,0,1,0,0%,0%,3,0
when will i get my marriage certificate,0,0,1,0,0%,0%,3,0
work permit,0,0,1,0,0%,0%,3,0
www.canada.ca,0,0,1,0,0%,0%,3,0
équivalence diplômes étrangers,0,0,1,0,0%,0%,3,0
государственный язык канады,0,0,1,0,0%,0%,3,0
канада король,0,0,1,0,0%,0%,3,0
כן,0,0,1,0,0%,0%,3,0
480,0,0,1,0,0%,0%,4,0
assiniboia,0,0,1,0,0%,0%,4,0
canada emploi pour etranger,0,0,1,0,0%,0%,4,0
canadian citizenship,0,0,1,0,0%,0%,4,0
candidat des provinces,0,0,1,0,0%,0%,4,0
eoi saskatchewan,0,0,1,0,0%,0%,4,0
fredericton new brunswick,0,0,1,0,0%,0%,4,0
guichet emploi canada,0,0,1,0,0%,0%,4,0
guichet emploi canada pour étranger 2026,0,0,1,0,0%,0%,4,0
h&c application status,0,0,1,0,0%,0%,4,0
how about toronto,0,0,1,0,0%,0%,4,0
immigrate to canada,0,0,1,0,0%,0%,4,0
immigration canada entree express,0,0,1,0,0%,0%,4,0
inscription guichet emploi canada,0,0,1,0,0%,0%,4,0
inside canada,0,0,1,0,0%,0%,4,0
ircc processing time,0,0,1,0,0%,0%,4,0
latest crs score,0,0,1,0,0%,0%,4,0
paul st-pierre plamondon,0,0,1,0,0%,0%,4,0
r/cic,0,0,1,0,0%,0%,4,0
saskatchewan recrutement international,0,0,1,0,0%,0%,4,0
score cana,0,0,1,0,0%,0%,4,0
staturoy declaration,0,0,1,0,0%,0%,4,0
tcf canada,0,0,1,0,0%,0%,4,0
what does citizenship by grant mean,0,0,1,0,0%,0%,4,0
yea,0,0,1,0,0%,0%,4,0
какой язык помимо английского признан официально в канаде,0,0,1,0,0%,0%,4,0
1 балл,0,0,1,0,0%,0%,5,0
also recrutement,0,0,1,0,0%,0%,5,0
canada immigration timeline,0,0,1,0,0%,0%,5,0
comment immigrer au canada,0,0,1,0,0%,0%,5,0
how to make friends,0,0,1,0,0%,0%,5,0
immigration sherbrooke,0,0,1,0,0%,0%,5,0
latest express entry draw 2026,0,0,1,0,0%,0%,5,0
not economic,0,0,1,0,0%,0%,5,0
nouveau brunswick,0,0,1,0,0%,0%,5,0
passport canada,0,0,1,0,0%,0%,5,0
processing time ircc permanent residence,0,0,1,0,0%,0%,5,0
refugee citizenship canada,0,0,1,0,0%,0%,5,0
the fastest,0,0,1,0,0%,0%,5,0
victoria canada,0,0,1,0,0%,0%,5,0
what of canada,0,0,1,0,0%,0%,5,0
государственные языки в канаде,0,0,1,0,0%,0%,5,0
какой язык в канаде государственный,0,0,1,0,0%,0%,5,0
какой язык в канале,0,0,1,0,0%,0%,5,0
канада национальный язык,0,0,1,0,0%,0%,5,0
איך לקבל הצעה לדירה בישראל קנדה,0,0,1,0,0%,0%,5,0
canada immigration arrival form,0,0,1,0,0%,0%,6,0
canada's landmarks,0,0,1,0,0%,0%,6,0
how do i apply for permanent residency in canada,0,0,1,0,0%,0%,6,0
post diplôme,0,0,1,0,0%,0%,6,0
two official sports of canada,0,0,1,0,0%,0%,6,0
what are some landmarks in canada,0,0,1,0,0%,0%,6,0
баллы,0,0,1,0,0%,0%,6,0
канада какой климат,0,0,1,0,0%,0%,6,0
канада климат,0,0,1,4,0%,0%,6,6.5
канада язык официальный,0,0,1,1,0%,0%,6,7
климат в канаде,0,0,1,3,0%,0%,6,6.33
культура канади,0,0,1,0,0%,0%,6,0
туризм канада,0,0,1,0,0%,0%,6,0
יום העצמאות קנדה,0,0,1,0,0%,0%,6,0
canada geografia,0,0,1,0,0%,0%,7,0
lana jakimovska,0,0,1,0,0%,0%,7,0
lana pay,0,0,1,0,0%,0%,7,0
latest ircc news,0,0,1,0,0%,0%,7,0
what climate is canada,0,0,1,0,0%,0%,7,0
в каком году канада стала независимой,0,0,1,0,0%,0%,7,0
какой основной язык в канаде,0,0,1,0,0%,0%,7,0
канада гос язык,0,0,1,0,0%,0%,7,0
канада природные зоны,0,0,1,0,0%,0%,7,0
канадська мова,0,0,1,1,0%,0%,7,7
коренное население канады,0,0,1,4,0%,0%,7,5
основные языки в канаде,0,0,1,0,0%,0%,7,0
программы иммиграции в канаду 2026,0,0,1,1,0%,0%,7,9
что производит канада,0,0,1,1,0%,0%,7,1
canada score immigration,0,0,1,0,0%,0%,8,0
consultant réglementé en immigration canadienne (cric),0,0,1,0,0%,0%,8,0
in canada,0,0,1,0,0%,0%,8,0
ircc crs,0,0,1,0,0%,0%,8,0
lana isa canada,0,0,1,1,0%,0%,8,12
le soleil de châteauguay dernières nouvelles,0,0,1,0,0%,0%,8,0
nova scotia immigration,0,0,1,0,0%,0%,8,0
pnp job offer,0,0,1,0,0%,0%,8,0
rp rt,0,0,1,0,0%,0%,8,0
she is a teacher,0,0,1,0,0%,0%,8,0
vbmdlana,0,0,1,0,0%,0%,8,0
what is clb 9,0,0,1,0,0%,0%,8,0
канада достопримечательности,0,0,1,0,0%,0%,8,0
канада материк,0,0,1,0,0%,0%,8,0
когда образовалась канада,0,0,1,0,0%,0%,8,0
когда открыли канаду,0,0,1,0,0%,0%,8,0
население канаді,0,0,1,0,0%,0%,8,0
проходной балл,0,0,1,0,0%,0%,8,0
франкоязычные,0,0,1,0,0%,0%,8,0
чем славится канада,0,0,1,0,0%,0%,8,0
языки в канаде официальные,0,0,1,0,0%,0%,8,0
כלכלת קנדה,0,0,1,0,0%,0%,8,0
סמל של קנדה,0,0,1,0,0%,0%,8,0
a famous landmark in canada,0,0,1,0,0%,0%,9,0
call lana,0,0,1,0,0%,0%,9,0
canada immigration targets 2026 reduction,0,0,1,0,0%,0%,9,0
canada visit visa to work permit,0,0,1,0,0%,0%,9,0
crs points,0,0,1,0,0%,0%,9,0
durée permis de travail ouvert canada,0,0,1,0,0%,0%,9,0
how to increase crs score for canada pr,0,0,1,0,0%,0%,9,0
la langue officielle de canada,0,0,1,0,0%,0%,9,0
lanadcxm,0,0,1,2,0%,0%,9,9
official sports of canada,0,0,1,0,0%,0%,9,0
государственный язык,0,0,1,0,0%,0%,9,0
дата независимости канады,0,0,1,0,0%,0%,9,0
достопримечательности канады,0,0,1,0,0%,0%,9,0
животное канады,0,0,1,0,0%,0%,9,0
канада границы,0,0,1,0,0%,0%,9,0
канада какое место по площади,0,0,1,0,0%,0%,9,0
канада какой язык,0,0,1,0,0%,0%,9,0
канада на каком языке говорят,0,0,1,0,0%,0%,9,0
население канада,0,0,1,0,0%,0%,9,0
населения канады,0,0,1,0,0%,0%,9,0
площадь канада,0,0,1,0,0%,0%,9,0
размер территории канады,0,0,1,0,0%,0%,9,0
сколько человек в канаде,0,0,1,0,0%,0%,9,0
состав населения канады,0,0,1,0,0%,0%,9,0
איי קנדה,0,0,1,0,0%,0%,9,0
bc pnp job offer requirements,0,0,1,0,0%,0%,10,0
canada immigration targets reduction 2026,0,0,1,0,0%,0%,10,0
canada score crs,0,0,1,0,0%,0%,10,0
foreign verification certificate,0,0,1,0,0%,0%,10,0
how immigration works,0,0,1,0,0%,0%,10,0
la langue parlée au canada,0,0,1,0,0%,0%,10,0
lana payments,0,0,1,0,0%,0%,10,0
langue officiel du canada,0,0,1,1,0%,0%,10,12
langue parlé au canada,0,0,1,0,0%,0%,10,0
quel est le plat national du canada,0,0,1,1,0%,0%,10,11
quelle langue est parlée au canada,0,0,1,0,0%,0%,10,0
quelle langue parle t'on au canada,0,0,1,0,0%,0%,10,0
год основания канады,0,0,1,0,0%,0%,10,0
канада в нато или нет,0,0,1,0,0%,0%,10,0
канада в нато?,0,0,1,0,0%,0%,10,0
канада языки официальные,0,0,1,0,0%,0%,10,0
коли канада стала незалежною,0,0,1,0,0%,0%,10,0
мова канади,0,0,1,0,0%,0%,10,0
насиление канады,0,0,1,0,0%,0%,10,0
национальное животное канады,0,0,1,0,0%,0%,10,0
перепись населения в канаде,0,0,1,0,0%,0%,10,0
проходной балл по истории,0,0,1,0,0%,0%,10,0
atlantic immigration program timeline,0,0,1,0,0%,0%,11,0
canada langue officielle,0,0,1,0,0%,0%,11,0
carte citoyenneté canadienne,0,0,1,0,0%,0%,11,0
entry это,0,0,1,0,0%,0%,11,0
guide 5289 sponsor your spouse,0,0,1,0,0%,0%,11,0
how is the climate in canada,0,0,1,0,0%,0%,11,0
landmark of canada,0,0,1,0,0%,0%,11,0
langue canada,0,0,1,0,0%,0%,11,0
langue nationale du canada,0,0,1,0,0%,0%,11,0
langue parle au canada,0,0,1,0,0%,0%,11,0
langue principale canada,0,0,1,0,0%,0%,11,0
what is the climate like in canada?,0,0,1,0,0%,0%,11,0
what is the current crs score for canada,0,0,1,0,0%,0%,11,0
what is the minimum crs score for canada express entry,0,0,1,0,0%,0%,11,0
what is the minimum score,0,0,1,0,0%,0%,11,0
"what questions should i ask ircc about my file for my pnp non express entry 
file",0,0,1,0,0%,0%,11,0
входит ли канада в нато,0,0,1,0,0%,0%,11,0
границы канады,0,0,1,0,0%,0%,11,0
з ким межує канада,0,0,1,0,0%,0%,11,0
какие языки в канаде,0,0,1,0,0%,0%,11,0
канада граничит с,0,0,1,0,0%,0%,11,0
канада язык общения,0,0,1,0,0%,0%,11,0
лана раундс,0,0,1,0,0%,0%,11,0
население каналы,0,0,1,0,0%,0%,11,0
самое теплое место в канаде,0,0,1,1,0%,0%,11,10
связаться с нами,0,0,1,0,0%,0%,11,0
сколько государственных языков в канаде,0,0,1,1,0%,0%,11,6
франкоязычная канада,0,0,1,0,0%,0%,11,0
історія канади,0,0,1,0,0%,0%,11,0
canada climat,0,0,1,3,0%,0%,12,33
canada team sports,0,0,1,0,0%,0%,12,0
draw history,0,0,1,0,0%,0%,12,0
how many official languages in canada,0,0,1,1,0%,0%,12,10
in whole canada,0,0,1,0,0%,0%,12,0
la langue parlé au canada,0,0,1,0,0%,0%,12,0
les langues officielles du canada,0,0,1,0,0%,0%,12,0
les langues parlées au canada,0,0,1,0,0%,0%,12,0
minimum express entry score 2026,0,0,1,0,0%,0%,12,0
pcp programme,0,0,1,0,0%,0%,12,0
rental+immigration,0,0,1,0,0%,0%,12,0
team sport in canada,0,0,1,0,0%,0%,12,0
what is the climate of canda,0,0,1,0,0%,0%,12,0
какой океан омывает канаду,0,0,1,0,0%,0%,12,0
канада чья колония была,0,0,1,0,0%,0%,12,0
на каком месте канада по площади,0,0,1,0,0%,0%,12,0
площа канада,0,0,1,0,0%,0%,12,0
с кем граничит канада,0,0,1,0,0%,0%,12,0
אי בקנדה,0,0,1,0,0%,0%,12,0
האם קנדה היא חלק מארצות הברית,0,0,1,0,0%,0%,12,0
canada langue parlé,0,0,1,0,0%,0%,13,0
canada permis de travail ouvert,0,0,1,0,0%,0%,13,0
la langue du canada,0,0,1,0,0%,0%,13,0
minimum crs score for canada pr 2026,0,0,1,0,0%,0%,13,0
население канады по национальностям,0,0,1,0,0%,0%,13,0
национальная еда в канаде,0,0,1,0,0%,0%,13,0
сколько человек живет в канаде,0,0,1,0,0%,0%,13,0
франкоязычные провинции канады,0,0,1,0,0%,0%,13,0
עבודה לצעירים בקנדה,0,0,1,1,0%,0%,13,25
langue au canada,0,0,1,1,0%,0%,14,17
канада граници,0,0,1,0,0%,0%,14,0
provincial nominee program without job offer,0,0,1,0,0%,0%,15,0
culture au canada,0,0,1,0,0%,0%,16,0
have nolmia,0,0,1,0,0%,0%,16,0
langues canada,0,0,1,0,0%,0%,16,0
sport canada,0,0,1,2,0%,0%,16,18
sport canadian,0,0,1,0,0%,0%,16,0
франкоязычный,0,0,1,0,0%,0%,16,0
ממשלת קנדה,0,0,1,0,0%,0%,16,0
crs point,0,0,1,0,0%,0%,17,0
crs scores,0,0,1,2,0%,0%,17,16
lieu canada,0,0,1,0,0%,0%,17,0
new tr to pr pathway 2026,0,0,1,0,0%,0%,17,0
past express entry draws,0,0,1,0,0%,0%,17,0
canada citizenship grant,0,0,1,0,0%,0%,18,0
canada site touristique,0,0,1,1,0%,0%,18,21
crs history,0,0,1,1,0%,0%,18,33
how to increase crs score for express entry,0,0,1,0,0%,0%,18,0
minimum express entry score,0,0,1,1,0%,0%,18,44
provincial nomination without job offer,0,0,1,0,0%,0%,18,0
the climate of canada,0,0,1,0,0%,0%,18,0
парламент канады,0,0,1,4,0%,0%,18,11.25
acheter nationalité canadienne,0,0,1,0,0%,0%,19,0
canada sport,0,0,1,1,0%,0%,19,18
express entry previous rounds,0,0,1,1,0%,0%,19,31
how to improve crs score express entry canada 2026,0,0,1,0,0%,0%,19,0
quel est la population du canada,0,0,1,0,0%,0%,19,0
what is canada climate,0,0,1,0,0%,0%,19,0
גודל קנדה,0,0,1,0,0%,0%,19,0
cec draws history,0,0,1,0,0%,0%,20,0
cic crs,0,0,1,0,0%,0%,20,0
express entry draws history,0,0,1,0,0%,0%,20,0
how to increase crs score express entry canada 2026,0,0,1,0,0%,0%,20,0
la nationalité canadienne,0,0,1,1,0%,0%,20,33
lowest score for express entry,0,0,1,1,0%,0%,20,65
nouveaux arrivants avoir un logement sans crédit,0,0,1,0,0%,0%,20,0
יועץ הגירה,0,0,1,0,0%,0%,20,0
geographie du canada,0,0,1,0,0%,0%,21,0
move to canada jobs,0,0,1,0,0%,0%,21,0
работа в канаде без образования,0,0,1,0,0%,0%,21,0
туристические центры канады,0,0,1,0,0%,0%,21,0
devenir consultant immigration,0,0,1,0,0%,0%,22,0
immigration pilot,0,0,1,0,0%,0%,22,0
pilot immigration programs in canada,0,0,1,0,0%,0%,22,0
programme immigration,0,0,1,0,0%,0%,22,0
cra score,0,0,1,0,0%,0%,23,0
grant of citizenship canada,0,0,1,0,0%,0%,23,0
langue officielle au canada,0,0,1,0,0%,0%,23,0
pr fees canada 2026,0,0,1,0,0%,0%,23,0
visa travail canada durée,0,0,1,1,0%,0%,23,50
провинциальные программы канады,0,0,1,0,0%,0%,23,0
express entry официальный сайт,0,0,1,0,0%,0%,24,0
how to improve my crs score for canada,0,0,1,0,0%,0%,24,0
langues officielles du canada,0,0,1,0,0%,0%,24,0
closed work permit,0,0,1,1,0%,0%,25,15
канада провинциальные программы,0,0,1,0,0%,0%,25,0
קנדה אגמים,0,0,1,0,0%,0%,25,0
canada foreign credential recognition program,0,0,1,0,0%,0%,26,0
canadian experience class draw history,0,0,1,0,0%,0%,26,0
express entry,0,0,1,1,0%,0%,26,9
permis de travail ouvert pour conjoint travailleur temporaire,0,0,1,0,0%,0%,26,0
sport au canada,0,0,1,0,0%,0%,26,0
canada permis de travail,0,0,1,0,0%,0%,27,0
canadian pilot program,0,0,1,0,0%,0%,27,0
charterlane immigration consulting,0,0,1,0,0%,0%,27,0
crc score,0,0,1,0,0%,0%,27,0
foreign credentials,0,0,1,0,0%,0%,27,0
geographie canada,0,0,1,0,0%,0%,27,0
how to increase express entry points,0,0,1,0,0%,0%,27,0
sponcership,0,0,1,0,0%,0%,27,0
равнины канады,0,0,1,0,0%,0%,27,0
עצמאות קנדה,0,0,1,0,0%,0%,27,0
canada's language,0,0,1,0,0%,0%,28,0
canadian sport teams,0,0,1,0,0%,0%,28,0
credential recognition,0,0,1,0,0%,0%,28,0
credential recognition program,0,0,1,0,0%,0%,28,0
fastest pr in canada,0,0,1,0,0%,0%,28,0
how to get pr canada,0,0,1,0,0%,0%,28,0
crs score ircc,0,0,1,0,0%,0%,29,0
crs scroe,0,0,1,0,0%,0%,29,0
foreign credential,0,0,1,0,0%,0%,29,0
official sport in canada,0,0,1,0,0%,0%,29,0
permis travail ouvert,0,0,1,0,0%,0%,29,0
superficie du canada,0,0,1,0,0%,0%,29,0
canada minimum crs score,0,0,1,0,0%,0%,30,0
kanada langue,0,0,1,0,0%,0%,30,0
langue officielle canada,0,0,1,0,0%,0%,30,0
королевство канада,0,0,1,0,0%,0%,30,0
demande permis de travail ouvert,0,0,1,0,0%,0%,31,0
foreign credentials recognition program,0,0,1,0,0%,0%,31,0
עבודה לישראלים בקנדה,0,0,1,0,0%,0%,31,0
צפון קנדה,0,0,1,0,0%,0%,31,0
apply for closed work permit,0,0,1,0,0%,0%,32,0
canada pr without job offer,0,0,1,0,0%,0%,32,0
canada's national language,0,0,1,0,0%,0%,32,0
foreign credential recognition program,0,0,1,1,0%,0%,32,31
foreign degree evaluation,0,0,1,0,0%,0%,32,0
rprf request,0,0,1,0,0%,0%,32,0
sports from canada,0,0,1,0,0%,0%,32,0
tr to pr categories,0,0,1,0,0%,0%,32,0
canada speaking language,0,0,1,0,0%,0%,34,0
obtenir nationalité canadienne,0,0,1,0,0%,0%,34,0
canadian experience class score,0,0,1,0,0%,0%,35,0
entrée express canada,0,0,1,0,0%,0%,35,0
official canadian sport,0,0,1,0,0%,0%,35,0
באיזה יבשת נמצאת קנדה,0,0,1,0,0%,0%,35,0
canada sports teams,0,0,1,0,0%,0%,36,0
crs cut off score,0,0,1,0,0%,0%,36,0
cuisine canadienne,0,0,1,1,0%,0%,36,23
immigration to canada without job offer,0,0,1,0,0%,0%,36,0
permis de travail ouvert transitoire (ptot),0,0,1,0,0%,0%,36,0
previous rounds of invitation,0,0,1,2,0%,0%,36,41.5
tr immigration,0,0,1,0,0%,0%,36,0
експрес ентрі канада,0,0,1,2,0%,0%,36,48.5
canada sport teams,0,0,1,0,0%,0%,37,0
citoyenneté,0,0,1,0,0%,0%,37,0
foreign credential evaluation canada,0,0,1,0,0%,0%,37,0
immigcanada immigration consulting firm,0,0,1,2,0%,0%,37,38.5
pilot programs in canada,0,0,1,0,0%,0%,37,0
מקומות בקנדה,0,0,1,0,0%,0%,37,0
express entry result,0,0,1,3,0%,0%,38,40
lana privacy,0,0,1,0,0%,0%,38,0
langues officielles canada,0,0,1,0,0%,0%,39,0
pilot program canada requirements,0,0,1,0,0%,0%,39,0
rounds of invitation express entry,0,0,1,1,0%,0%,39,43
spouse or common-law partner,0,0,1,0,0%,0%,39,0
canada immigration without job offer,0,0,1,0,0%,0%,40,0
cuaet extension,0,0,1,0,0%,0%,40,0
lieu touristique canada,0,0,1,0,0%,0%,40,0
official languages of canada,0,0,1,3,0%,0%,40,44.33
spouse or common law partner,0,0,1,0,0%,0%,40,0
weather climate in canada,0,0,1,0,0%,0%,40,0
what was the last express entry draw,0,0,1,0,0%,0%,40,0
עבודה בקנדה עם מגורים,0,0,1,0,0%,0%,40,0
canadian climate,0,0,1,0,0%,0%,41,0
describe canada's climate,0,0,1,0,0%,0%,41,0
express entry score draw,0,0,1,0,0%,0%,41,0
llana,0,0,1,0,0%,0%,41,0
skilled worker express entry,0,0,1,0,0%,0%,41,0
canada's national sports,0,0,1,0,0%,0%,42,0
fastest way to migrate to canada,0,0,1,0,0%,0%,42,0
language for canada,0,0,1,2,0%,0%,42,43.5
lona canada,0,0,1,0,0%,0%,42,0
nationality in canada,0,0,1,0,0%,0%,42,0
tr to pr pathway latest update 2026,0,0,1,0,0%,0%,42,0
canada and sports,0,0,1,0,0%,0%,43,0
ircc demande de citoyenneté,0,0,1,0,0%,0%,43,0
la superficie du canada,0,0,1,1,0%,0%,43,38
last trade draw,0,0,1,1,0%,0%,43,46
official language in canada,0,0,1,1,0%,0%,43,41
quelle est la superficie du canada,0,0,1,3,0%,0%,44,41.67
tr pr pathway 2026,0,0,1,0,0%,0%,44,0
tr to pr pathway update today,0,0,1,0,0%,0%,44,0
почему канада так называется,0,0,1,0,0%,0%,44,0
קנדה אוכלוסייה,0,0,1,2,0%,0%,44,61.5
can i immigrate to canada without a job offer,0,0,1,0,0%,0%,45,0
canada country language,0,0,1,0,0%,0%,45,0
canada immigration tr to pr 2026,0,0,1,0,0%,0%,45,0
tr to pr pathway 2026 update,0,0,1,0,0%,0%,45,0
canada climate,0,0,1,0,0%,0%,46,0
canada languages spoken,0,0,1,1,0%,0%,46,45
canada's climate,0,0,1,0,0%,0%,46,0
last draws express entry,0,0,1,0,0%,0%,46,0
nationalité canadienne combien de temps,0,0,1,0,0%,0%,46,0
what is canada language,0,0,1,1,0%,0%,46,45
what is the language in canada,0,0,1,0,0%,0%,46,0
экспресс энтри,0,0,1,0,0%,0%,46,0
canada's languages,0,0,1,0,0%,0%,47,0
fastest way to immigrate to canada,0,0,1,0,0%,0%,47,0
pr to tr,0,0,1,0,0%,0%,47,0
quel est le sport national du canada,0,0,1,0,0%,0%,47,0
rounds of invitations for express entry,0,0,1,0,0%,0%,47,0
tr to pr pathway 2026 documents,0,0,1,0,0%,0%,47,0
канада регион,0,0,1,0,0%,0%,47,0
express entry canada minimum score,0,0,1,1,0%,0%,48,30
express entry skilled worker,0,0,1,0,0%,0%,48,0
when is tr to pr coming in 2026,0,0,1,0,0%,0%,48,0
canada's sports,0,0,1,0,0%,0%,49,0
express entry canada skilled worker,0,0,1,0,0%,0%,49,0
canada express entry crs score requirements 2026,0,0,0,56,0%,0%,0,7.73
what are the leading sources for credential recognition?,0,0,0,16,0%,0%,0,10.69
canada express entry minimum crs score 2026,0,0,0,10,0%,0%,0,7.3
канада погода зимой,0,0,0,9,0%,0%,0,7.56
express entry crs score requirements 2026,0,0,0,8,0%,0%,0,10
frais résidence permanente canada 2026,0,0,0,8,0%,0%,0,10.75
newcomer renting tips calgary,0,0,0,7,0%,0%,0,7.71
express entry canada crs score requirements 2026,0,0,0,6,0%,0%,0,6
canada express entry crs requirements 2026,0,0,0,6,0%,0%,0,9
welcomenb.ca recruitment,0,0,0,6,0%,0%,0,9.33
коренные жители канады,0,0,0,5,0%,0%,0,6
lana inc,0,0,0,5,0%,0%,0,6.4
климат канады,0,0,0,4,0%,0%,0,6.5
canada draw history,0,0,0,4,0%,0%,0,19.25
הגירה לקנדה,0,0,0,4,0%,0%,0,37.5
les saisons au canada,0,0,0,4,0%,0%,0,41.75
gouvernement fédéral,0,0,0,4,0%,0%,0,50.5
коренные канадцы,0,0,0,3,0%,0%,0,7
подтверждение диплома в канаде,0,0,0,3,0%,0%,0,7.67
особенности природы канады,0,0,0,3,0%,0%,0,8.33
frais de résidence permanente entrée express 2026,0,0,0,3,0%,0%,0,8.67
express entry minimum crs score 2026,0,0,0,3,0%,0%,0,9
what is canada's landmark,0,0,0,3,0%,0%,0,9.67
климат,0,0,0,3,0%,0%,0,9.67
canada permanent resident score,0,0,0,3,0%,0%,0,13
canada nature and wildlife,0,0,0,3,0%,0%,0,14.67
les 4 saisons au canada,0,0,0,3,0%,0%,0,33
wildlife in canada,0,0,0,3,0%,0%,0,37.33
national language canada,0,0,0,3,0%,0%,0,37.67
national language of canada,0,0,1,3,0%,0%,51,39.33
canada language spoken,0,0,0,3,0%,0%,0,48
посольство канады иммиграция,0,0,0,3,0%,0%,0,51.33
climat du canada,0,0,0,3,0%,0%,0,56
lanaaa_cte,0,0,0,2,0%,0%,0,2
lana aisaa,0,0,0,2,0%,0%,0,2.5
canada express entry minimum crs score required 2026,0,0,0,2,0%,0%,0,3.5
lana services,0,0,0,2,0%,0%,0,4
current canada express entry crs score requirements 2026,0,0,0,2,0%,0%,0,5
клімат канади,0,0,0,2,0%,0%,0,6.5
express entry crs score requirements 2026 canada,0,0,0,2,0%,0%,0,7
express entry crs score requirements 2026 canada immigration,0,0,0,2,0%,0%,0,7
מה צריך לבדוק לפני שקונים דירה מישראל קנדה,0,0,0,2,0%,0%,0,7
lanah,0,0,0,2,0%,0%,0,7.5
augmentation des frais de residence permanente au canada,0,0,0,2,0%,0%,0,10.5
what is the highest crs score for canada,0,0,0,2,0%,0%,0,10.5
canada klima,0,0,0,2,0%,0%,0,11
температура в канаде,0,0,0,2,0%,0%,0,11
какая температура в канаде,0,0,0,2,0%,0%,0,12
новости иммиграции в канаду,0,0,0,2,0%,0%,0,12
"msg""info * com"" -india in inurl:contact",0,0,0,2,0%,0%,0,14.5
minimum score,0,0,0,2,0%,0%,0,20
crs means in canada,0,0,0,2,0%,0%,0,20.5
express entry history,0,0,0,2,0%,0%,0,21.5
food culture in canada,0,0,0,2,0%,0%,0,21.5
immigrate to canada with job offer,0,0,0,2,0%,0%,0,22.5
pnp employer requirements,0,0,0,2,0%,0%,0,23
ויזת תייר לקנדה,0,0,0,2,0%,0%,0,28
draw cic,0,0,0,2,0%,0%,0,32.5
saisons au canada,0,0,0,2,0%,0%,0,33.5
דרכון קנדי,0,0,0,2,0%,0%,0,33.5
job offer for express entry,0,0,0,2,0%,0%,0,36.5
climat canada,0,0,0,2,0%,0%,0,37.5
פרובינציאליות,0,0,0,2,0%,0%,0,38
wildlife canada,0,0,0,2,0%,0%,0,40
canada wildlife,0,0,0,2,0%,0%,0,41.5
canadian national language,0,0,0,2,0%,0%,0,42
"""cicc""",0,0,0,2,0%,0%,0,42.5
canada's official language,0,0,0,2,0%,0%,0,43.5
canada national language,0,0,0,2,0%,0%,0,46
les saison au canada,0,0,0,2,0%,0%,0,46
what are the national languages of canada,0,0,0,2,0%,0%,0,47
קנדה אוכלוסיה,0,0,0,2,0%,0%,0,48
what are the official languages of canada,0,0,0,2,0%,0%,0,52
express entry points draw,0,0,0,2,0%,0%,0,55
climat au canada,0,0,0,2,0%,0%,0,56
express entry draw list,0,0,0,2,0%,0%,0,56
common law partner sponsorship canada,0,0,1,2,0%,0%,63,60
common law sponsorship canada,0,0,1,2,0%,0%,63,60
common in law sponsorship canada,0,0,0,2,0%,0%,0,60.5
אגם פארק קנדה,0,0,0,2,0%,0%,0,61
canada co op work permit,0,0,0,2,0%,0%,0,64
requirements for common law sponsorship in canada,0,0,0,2,0%,0%,0,65
канада украина иммиграция,0,0,0,2,0%,0%,0,71
température canada hiver,0,0,0,2,0%,0%,0,73.5
canada pr consultant near me,0,0,0,1,0%,0%,0,1
immigration consulting canada,0,0,0,1,0%,0%,0,1
lana pr,0,0,0,1,0%,0%,0,1
multinational country,0,0,0,1,0%,0%,0,1
procedure pour immigrer au canada,0,0,0,1,0%,0%,0,1
express entry crs score requirements canada 2026,0,0,0,1,0%,0%,0,2
klima kanade,0,0,0,1,0%,0%,0,2
lana racic,0,0,0,1,0%,0%,0,2
iqas,0,0,0,1,0%,0%,0,3
колонии великобритании список,0,0,0,1,0%,0%,0,3
kanada sport,0,0,0,1,0%,0%,0,4
какой климат в канаде,0,0,0,1,0%,0%,0,4
"हां, जानना चाहता हूं।",0,0,0,1,0%,0%,0,4
lana phone number,0,0,0,1,0%,0%,0,5
minimum crs score express entry 2026,0,0,0,1,0%,0%,0,6
planning consultants near me,0,0,0,1,0%,0%,0,6
коренные народы канады,0,0,0,1,0%,0%,0,6
экономика канады кратко,0,0,0,1,0%,0%,0,6
canada express entry crs score requirements 2026 latest,0,0,0,1,0%,0%,0,7
immigration canada sans agent,0,0,0,1,0%,0%,0,7
интересные факты про канаду,0,0,0,1,0%,0%,0,7
коренной народ канады,0,0,0,1,0%,0%,0,7
погода в канаде зимой,0,0,0,1,0%,0%,0,7
canada express entry crs points requirement 2026,0,0,0,1,0%,0%,0,8
canada express entry requirements 2026 crs score,0,0,0,1,0%,0%,0,8
lana group,0,0,0,1,0%,0%,0,8
"page""info * com"" -india in inurl:contact",0,0,0,1,0%,0%,0,8
primary language spoken in canada,0,0,0,1,0%,0%,0,8
rt canada,0,0,0,1,0%,0%,0,8
климатические условия канады,0,0,0,1,0%,0%,0,8
canada express entry comprehensive ranking system crs points 2026,0,0,0,1,0%,0%,0,9
crs scre,0,0,0,1,0%,0%,0,9
current express entry crs score cutoffs 2026,0,0,0,1,0%,0%,0,9
"describe the linguistic make-up of canada. what are the official languages 
of canada?",0,0,0,1,0%,0%,0,9
entrée express canada 2026 changements,0,0,0,1,0%,0%,0,9
lana anigav,0,0,0,1,0%,0%,0,9
land marks in canada,0,0,0,1,0%,0%,0,9
langue principale du canada,0,0,0,1,0%,0%,0,9
канада транспорт,0,0,0,1,0%,0%,0,9
культура канады,0,0,0,1,0%,0%,0,9
חיות בקנדה,0,0,0,1,0%,0%,0,9
פרובינציה בקנדה,0,0,0,1,0%,0%,0,9
auto lana,0,0,0,1,0%,0%,0,10
canada express entry crs points grid 2026,0,0,0,1,0%,0%,0,10
canada express entry crs score 2026,0,0,0,1,0%,0%,0,10
express entry это,0,0,0,1,0%,0%,0,10
landmark tourism,0,0,0,1,0%,0%,0,10
דירות להשכרה,0,0,0,1,0%,0%,0,10
כמה עולה בית בקנדה,0,0,0,1,0%,0%,0,10
dans quel hémisphère se trouve le canada,0,0,0,1,0%,0%,0,11
какая погода в канаде зимой,0,0,0,1,0%,0%,0,11
bc pnp job offer,0,0,0,1,0%,0%,0,12
canada express entry crs score required 2026,0,0,0,1,0%,0%,0,12
canada study permit spouse open work permit phd student,0,0,0,1,0%,0%,0,12
frais de residence permanente au canada 2026,0,0,0,1,0%,0%,0,12
langues parlées au canada,0,0,0,1,0%,0%,0,12
иммиграционный консультант,0,0,0,1,0%,0%,0,12
транспорт канада,0,0,0,1,0%,0%,0,12
אזרחות קנדה,0,0,0,1,0%,0%,0,12
les monuments célèbres de canada,0,0,0,1,0%,0%,0,13
wb canada,0,0,0,1,0%,0%,0,13
канадское гражданство,0,0,0,1,0%,0%,0,13
канада королевство,0,0,0,1,0%,0%,0,14
canada immigration crs score,0,0,0,1,0%,0%,0,15
crs score canada immigration,0,0,0,1,0%,0%,0,15
crs score meaning,0,0,0,1,0%,0%,0,15
crs score points,0,0,0,1,0%,0%,0,15
canada express entry crs score cut off latest 2026,0,0,0,1,0%,0%,0,18
canada express entry crs score cutoffs 2026,0,0,0,1,0%,0%,0,18
sport national du canada,0,0,0,1,0%,0%,0,18
score immigration canada,0,0,0,1,0%,0%,0,19
иммиграционные программы канады,0,0,0,1,0%,0%,0,19
canada gouvernement,0,0,0,1,0%,0%,0,20
canada pr crs score,0,0,0,1,0%,0%,0,20
canadian immigration crs score,0,0,0,1,0%,0%,0,20
ircc fees increase 2026,0,0,0,1,0%,0%,0,20
lana par,0,0,0,1,0%,0%,0,20
les habitants canadiens,0,0,0,1,0%,0%,0,20
ערים בקנדה,0,0,0,1,0%,0%,0,20
common law sponsorship,0,0,0,1,0%,0%,0,21
crs eligibility,0,0,0,1,0%,0%,0,21
crs score now in canada,0,0,0,1,0%,0%,0,21
lana is toronto canada,0,0,0,1,0%,0%,0,21
permanent residency,0,0,0,1,0%,0%,0,21
crs canada meaning,0,0,0,1,0%,0%,0,22
crs in canada,0,0,0,1,0%,0%,0,22
le climat du canada,0,0,0,1,0%,0%,0,22
קנדה ערים גדולות,0,0,0,1,0%,0%,0,22
crs express entry score,0,0,0,1,0%,0%,0,23
crs immigration canada,0,0,0,1,0%,0%,0,23
le climat de canada,0,0,0,1,0%,0%,0,23
minimum crs for express entry,0,0,0,1,0%,0%,0,23
express entry score history,0,0,0,1,0%,0%,0,24
crs score for pr in canada,0,0,0,1,0%,0%,0,25
crs work experience points,0,0,0,1,0%,0%,0,25
closed work permit to pr,0,0,0,1,0%,0%,0,26
crs score details,0,0,0,1,0%,0%,0,26
canada immigration scoring system,0,0,0,1,0%,0%,0,27
saisons canada,0,0,0,1,0%,0%,0,27
איפה זה קנדה,0,0,0,1,0%,0%,0,27
מיקוד בקנדה,0,0,0,1,0%,0%,0,27
superficie de canada,0,0,0,1,0%,0%,0,28
canada nationalité,0,0,0,1,0%,0%,0,29
nationalité canada,0,0,0,1,0%,0%,0,29
nourriture canadienne,0,0,0,1,0%,0%,0,29
permis de travail fermé,0,0,0,1,0%,0%,0,29
קנדה הגירה,0,0,0,1,0%,0%,0,29
minimum crs score for canada pr,0,0,0,1,0%,0%,0,30
cic express entry draw,0,0,0,1,0%,0%,0,33
le climat au canada,0,0,0,1,0%,0%,0,33
nationalite canadienne demande,0,0,0,1,0%,0%,0,33
permis de travail fermé canada,0,0,0,1,0%,0%,0,33
"d""info * com"" -india in inurl:contact",0,0,0,1,0%,0%,0,34
в какую провинцию канады лучше иммигрировать,0,0,0,1,0%,0%,0,34
ou se trouve le canada,0,0,0,1,0%,0%,0,35
permis de travail fermé conditions,0,0,0,1,0%,0%,0,35
гуманитарная программа канада,0,0,0,1,0%,0%,0,35
canada express entry rounds,0,0,0,1,0%,0%,0,36
entrée express tirage,0,0,0,1,0%,0%,0,37
csr scores,0,0,0,1,0%,0%,0,38
sport du canada,0,0,1,1,0%,0%,53,38
express entry last draw score,0,0,0,1,0%,0%,0,39
gastronomie au canada,0,0,0,1,0%,0%,0,39
קנדה ערים,0,0,0,1,0%,0%,0,39
entrée express dernier tirage,0,0,0,1,0%,0%,0,40
immigration consultant canada,0,0,0,1,0%,0%,0,41
immigration services,0,0,0,1,0%,0%,0,41
last canadian experience class draw,0,0,0,1,0%,0%,0,41
official canadian languages,0,0,0,1,0%,0%,0,41
richmond hill immigration lawyer,0,0,0,1,0%,0%,0,41
כמה מעלות בקנדה,0,0,0,1,0%,0%,0,41
canada national languages,0,0,0,1,0%,0%,0,42
canada which language,0,0,0,1,0%,0%,0,42
last ee draw,0,0,0,1,0%,0%,0,42
official language canada,0,0,0,1,0%,0%,0,42
ronde d invitation entrée express,0,0,0,1,0%,0%,0,42
rondes d'invitations entrée express,0,0,0,1,0%,0%,0,42
כמה עולה לחיות בקנדה,0,0,0,1,0%,0%,0,42
canada's official languages,0,0,0,1,0%,0%,0,43
express entry last draw,0,0,0,1,0%,0%,0,43
superficie du canada en km2,0,0,0,1,0%,0%,0,43
when is the express entry draw,0,0,0,1,0%,0%,0,43
ווהן קנדה,0,0,0,1,0%,0%,0,43
draw of express entry,0,0,0,1,0%,0%,0,44
ee score history,0,0,0,1,0%,0%,0,45
what language in canada,0,0,0,1,0%,0%,0,45
canada superficie,0,0,0,1,0%,0%,0,46
what are the official language of canada,0,0,0,1,0%,0%,0,46
who is the federal government in canada,0,0,0,1,0%,0%,0,46
canada provincial nominee program without job offer,0,0,0,1,0%,0%,0,47
spoken languages in canada,0,0,0,1,0%,0%,0,47
languages spoken in canada,0,0,0,1,0%,0%,0,48
провинциальные программы иммиграции в канаду,0,0,0,1,0%,0%,0,48
what language is spoken in canada,0,0,0,1,0%,0%,0,49
comment obtenir la nationalité canadienne,0,0,0,1,0%,0%,0,50
language spoken canada,0,0,0,1,0%,0%,0,50
national languages of canada,0,0,0,1,0%,0%,0,50
canada flora and fauna,0,0,0,1,0%,0%,0,51
common law canada sponsorship,0,0,0,1,0%,0%,0,52
מדינות בקנדה,0,0,0,1,0%,0%,0,52
language speak in canada,0,0,0,1,0%,0%,0,53
what is canada's official language,0,0,1,1,0%,0%,51,53
ויזה לקנדה אתר רשמי,0,0,0,1,0%,0%,0,53
canada study permit requirements 2026,0,0,0,1,0%,0%,0,54
what are the official languages in canada,0,0,1,1,0%,0%,53,54
what is official language in canada,0,0,0,1,0%,0%,0,54
common law sponsor canada,0,0,0,1,0%,0%,0,55
ircc co op work permit,0,0,0,1,0%,0%,0,55
languages speak in canada,0,0,0,1,0%,0%,0,55
what language do they speak in canada,0,0,1,1,0%,0%,52,55
what language is spoken canada,0,0,0,1,0%,0%,0,55
ircc co-op work permit,0,0,0,1,0%,0%,0,57
sponsor common law partner canada,0,0,1,1,0%,0%,63,58
common law spouse sponsorship canada,0,0,0,1,0%,0%,0,59
common-law sponsorship,0,0,0,1,0%,0%,0,59
naturalisation canada,0,0,0,1,0%,0%,0,59
провинциальная программа иммиграции в канаду,0,0,0,1,0%,0%,0,59
citoyen naturalisé,0,0,0,1,0%,0%,0,61
common law partner canada immigration,0,0,1,1,0%,0%,59,61
when was canada colonized,0,0,1,1,0%,0%,60,61
who is the government of canada,0,0,0,1,0%,0%,0,63
climats canada,0,0,0,1,0%,0%,0,66
10271 yonge street,0,0,0,1,0%,0%,0,67
canada nourriture traditionnelle,0,0,0,1,0%,0%,0,67
canada régime politique,0,0,0,1,0%,0%,0,67
licensed immigration consultant ontario,0,0,0,1,0%,0%,0,67
common law partner sponsorships,0,0,1,1,0%,0%,57,68
politique canada,0,0,0,1,0%,0%,0,68
what languages spoken in canada,0,0,0,1,0%,0%,0,68
do you need to apply for common law,0,0,0,1,0%,0%,0,71
канада гражданство,0,0,0,1,0%,0%,0,71
common in law partner,0,0,1,1,0%,0%,58,73
spouse or common law partner in canada class,0,0,1,1,0%,0%,70,73
système politique canada,0,0,0,1,0%,0%,0,73
canadian citizenship for permanent residents,0,0,0,1,0%,0%,0,77
гражданство канады,0,0,0,1,0%,0%,0,77
comment avoir la nationalité canadienne,0,0,0,1,0%,0%,0,78
what languages are in canada,0,0,0,1,0%,0%,0,78
facts about the canadian government,0,0,0,1,0%,0%,0,82
le canada est dans quel continent,0,0,1,1,0%,0%,81,87
what level of government is responsible for immigration in canada,0,0,0,1,0%,0%,0,87
10271 yonge street richmond hill,0,0,0,1,0%,0%,0,88
ביטוח נסיעות לקנדה,0,0,0,1,0%,0%,0,95
העברת כסף לקנדה,0,0,0,1,0%,0%,0,99